id,name,gender,age,birthday
f8f2303d-f9ca-4d50-b46e-57124f7afad1,박지유,Female,45,1980-07-21
77321a11-20b6-43d4-a1ff-4a68519a9ea0,조하준,Male,23,2002-03-19
6baba20d-7a42-4499-82b9-a3cc06eedf98,조지유,Male,37,1988-07-26
ee908b14-03b4-4b4e-9222-6bbb35709a22,정윤서,Male,45,1980-06-26
1e439fad-3b49-4bf3-ae92-61cb2515ea87,윤서현,Male,29,1996-01-24
d24600a8-2c64-4e2f-b4e5-e3d4a60274ed,조채원,Female,29,1996-05-16
4ff0629f-af93-4ff4-9aa1-fe2051849aa4,임서준,Male,33,1992-07-20
917f8f05-80e6-4b86-9586-22c10521df10,장서연,Female,31,1994-03-10
116fee49-7995-4f65-a793-8b813ab70a84,조윤서,Male,26,1999-06-03
4124d4b3-2cb5-485f-b642-e9d187272b14,임서연,Male,17,2008-02-08
892d36f4-9f21-4129-8b06-b45102453805,조하윤,Male,30,1994-09-09
f86b3d77-34f3-4877-82ce-723716c8f202,정하윤,Male,17,2008-01-18
156b84eb-598a-41d4-af2f-4a81d8aab4d1,조윤서,Female,33,1991-09-08
b2aabdfe-04d1-4eae-b145-99f74f1c87e6,정채원,Male,34,1991-06-24
ded87e8a-5148-4fc9-8b47-9e4442643852,김하은,Female,15,2009-10-13
1f6b41e3-7fef-4a7b-a89e-4a836a945710,최민서,Male,22,2002-09-24
a3122ca4-0468-42ae-bb96-03b90626edbe,윤수아,Male,15,2010-05-12
a753d82f-c9af-48d9-93dc-7278fb504770,이지후,Male,22,2002-12-23
83f7f88d-e388-4fd4-984a-903f41ee715b,이지유,Male,24,2001-04-18
514470e8-78be-42af-a867-3233c2de3fc2,박서현,Female,16,2008-09-12
ce49948c-754a-4cb5-b1be-329f2b575b72,최윤서,Female,42,1983-04-13
8c3a353e-06dd-4b40-aafa-888e07801362,윤민서,Male,33,1992-01-20
da9b625c-6e92-4524-8364-167acf0f6355,박채원,Female,29,1996-05-04
4daad848-83e9-4887-ae34-0087b77d213b,박예준,Male,32,1993-06-19
69d2db53-7b0d-40a0-9ddd-b50f71fffc20,장지후,Male,36,1989-03-12
7b659e63-0c56-4ad1-856f-552766f11d21,정주원,Male,20,2004-11-18
e8a1a6a1-c0e8-4c05-a4c9-ef92ac0ca27e,장윤서,Male,22,2003-06-08
81b952c8-7696-4779-96e5-83376e817d28,윤주원,Male,19,2006-04-26
a7932844-1b37-496c-839b-20b7698f789e,강도윤,Male,29,1995-08-17
5a4a0d32-5804-419b-a293-2889ce901e5d,장하준,Female,39,1986-03-18
645d68f1-767c-4713-a5a6-b68d536d7933,이주원,Female,35,1989-12-15
18c975d9-40e7-4183-bf4b-cab4917778a2,윤서연,Male,34,1991-05-26
7744db82-41ca-4ed2-854f-ee5ed31984b6,이지후,Female,43,1982-06-11
82908204-bbf4-4756-ae46-6a4536d39dc7,조지호,Male,21,2004-02-18
3825580e-548e-475b-b048-1b84950ee9ce,강지유,Male,16,2009-05-21
465254ab-3524-409a-965a-11acec416215,이지후,Male,45,1980-01-25
3d08a5fd-5df9-4207-8643-d448da7b18e2,김서준,Female,17,2008-06-18
e9e6de9c-e714-4cfb-8676-cc56d1753083,박주원,Male,28,1996-10-12
134479e0-bad7-43b2-8864-9d2a72dce408,이지유,Male,44,1981-06-27
8198da75-b4b1-4ebc-8b7e-73309a0b6762,조주원,Male,39,1986-03-22
3a55b971-0cfa-4449-a3ed-ac274a468bc7,박도윤,Female,35,1989-08-27
b8433f50-5a68-47a9-bb15-fcc603f191ec,임서준,Female,33,1992-01-26
797edb14-c6b9-475c-886f-218a5b160e10,임하준,Male,16,2009-04-23
8c3d7f16-1bcb-44c3-ac45-15713e183708,윤수아,Female,44,1981-03-23
696eafa2-70a2-4aec-98b3-8039d9552239,조하준,Female,26,1998-11-04
87c2882d-9305-4e55-b74a-fc4eac5b5841,김지호,Male,18,2006-09-12
8b76f85e-a634-4678-a39b-c3190ff31446,임수아,Male,43,1982-02-14
da0138ac-d4d0-459e-a4a4-f03b9e8bd27e,윤채원,Male,17,2008-07-20
16a49b87-3d33-4de3-91cb-e438a36503dd,윤하준,Female,37,1987-11-23
a9c0b882-111c-4c98-ace9-5f879e11643d,이예준,Female,19,2006-01-12
a1cef402-c012-4854-bc2a-0483f58892cc,박예준,Male,37,1988-06-02
9c7078e7-1382-409c-ad84-df483cb8afdd,최도윤,Male,45,1980-05-14
5c88491a-e65f-4dbe-8790-e8eb0b81fe7a,윤주원,Female,17,2007-11-16
9c173692-cead-439c-a5db-40f2931c029b,박수아,Female,25,2000-06-17
2c63f062-c79b-4e88-96c0-92be1691b6c8,강지유,Male,23,2001-12-17
78ad894b-bee4-4784-acc0-da42ac5b1fd0,임서현,Female,31,1994-06-06
9f3b9a20-e805-44dd-aeb7-0c56f5006732,박하준,Male,41,1984-04-14
69285521-9610-41d9-b919-8203ee641ef7,이서윤,Male,29,1996-01-15
c4c36a8a-5cf4-4e2c-8b57-f86897f939e0,이도윤,Female,32,1993-02-23
06167c6d-2898-44d9-b78c-cb09ae3db512,이서윤,Male,25,2000-04-09
f7bd00db-a0c8-42ae-88f6-9ec5f373e7a7,김서윤,Male,43,1981-08-04
816b7001-8516-49ee-9e49-b7221755f984,임수아,Female,40,1985-02-05
c49f0bcc-cf48-4a7d-bd18-1f4205bfd256,윤지유,Female,40,1985-02-28
443d71fa-4c7e-4dec-b477-faa1d3115558,정지후,Male,16,2009-04-22
1708d141-7d7c-4697-9be7-17f37824b0c4,박채원,Female,24,2000-09-14
7d7ef62d-57a2-459f-8631-92938776c60b,김민준,Male,39,1986-04-06
4a75460b-77d4-4216-9f69-19cbe7fa53b2,장채원,Female,28,1996-11-03
32f58e43-50c1-4e2a-9213-cb351ce021af,장수아,Female,41,1983-08-06
7b3b9db8-3488-440e-be2f-f3929d44b781,최하은,Female,21,2004-07-02
cda216d0-c0e6-498f-943c-afbc077a0f81,윤민서,Male,33,1991-08-07
f68b0234-b724-4448-b3e1-e0d179580e9f,최윤서,Male,21,2004-06-05
e7fd1f0a-254f-4545-959c-c4967a2f172b,임도윤,Female,14,2010-08-05
e603ab5f-b3f2-4a32-affa-a97fab6830fa,이서준,Female,29,1996-01-03
0c6753b5-afbf-40d4-90fb-c981cc1efcaa,강하윤,Female,29,1996-03-08
f780ad28-83e7-4264-83e2-0b2690fb3113,정하은,Male,22,2003-07-05
265c982f-afdd-43ba-afa8-68ca164e1916,장지유,Male,33,1992-03-06
5876611a-0c5f-42cd-9add-3c2ad20393f9,박서준,Female,24,2000-10-11
8287cbd2-6d4f-46d3-8810-fd143718c395,장예준,Male,29,1996-02-22
280c936b-d2f5-4674-997d-7e048a17a3c2,김하준,Female,17,2008-05-23
6778ca08-3f1c-47ba-b02a-353ecac2a449,조민준,Male,35,1990-06-15
8e711e55-2f14-4872-be66-27b98c710386,임민준,Female,19,2005-12-20
8836b6cf-a807-4611-8d52-d794fb954bd2,조지우,Male,29,1995-11-14
64133df5-7325-4a3e-ad98-2d17d21e09e8,이서준,Male,37,1987-10-26
c2533407-483c-4b2a-8eb4-93ceb6456701,김예준,Male,38,1987-06-25
d22646a8-70d3-47e2-81e8-fc52bdd79482,최하준,Female,37,1988-02-28
632d6b72-b929-43d0-afb2-953f6806d41c,이도윤,Female,40,1985-04-24
4c58fb6f-e8e2-4410-b633-ae7d9b2af351,박채원,Male,20,2004-08-01
f9455b13-de0a-4e86-aba2-6b4b33f147ba,박시우,Female,22,2003-07-04
d438eb8e-20ce-4dc0-9378-008306ef0078,장주원,Male,24,2001-05-20
8ea25fab-7337-46e5-8f1c-476b6d396d6a,이예준,Female,29,1995-08-05
b16111ab-6384-47f3-9e6b-7d5d345e402f,김민서,Female,30,1995-05-26
d0a46b4c-d1ff-446c-b253-53025ea70cca,정서준,Male,28,1996-09-28
8a0e8351-dc13-4877-a7cb-c0baa570af4f,조윤서,Female,43,1982-02-10
9b38e70b-c378-4a67-b6bc-5b699a3fed42,임서윤,Male,42,1983-03-18
200ca550-f03b-46a9-9797-6d18174ab350,장시우,Female,41,1983-08-18
8b505e4e-eadc-459a-b83a-9bd61f7e76c0,조지호,Female,41,1983-08-11
afd20f91-d2f6-4838-87f2-c085e5c3e096,강지유,Male,45,1980-03-20
68aa0a8f-3d99-45df-965c-43dca46cb5f3,박윤서,Female,32,1993-03-14
28c3d4ec-2d7d-4670-abbe-924963f117fb,최주원,Female,36,1988-10-27
ef7ed601-259a-4a1a-a0b5-d85ebd6a5a38,강서윤,Female,24,2001-02-17
167a5fdb-a109-4639-a0aa-8d120bef7985,이민준,Female,39,1985-09-17
b3066aa5-35ff-4478-b448-6d38ea3509ea,김민준,Female,38,1987-03-14
1565662d-14bd-4692-bc4e-3cd17d08729b,강민준,Female,42,1983-05-08
7c1389a8-9ebf-49b5-9662-6ab42d2e9e25,김하은,Female,27,1998-06-25
dfa80f39-d214-4eca-b932-f12aaa6e790e,정서준,Male,40,1985-07-14
e88c46c3-cbec-4265-956e-a3bb208f84be,강하준,Male,24,2001-07-01
d53acbe8-9fd0-47df-8c0e-0503d21f3b06,조하은,Female,33,1992-03-07
1e039757-4c29-4674-93ee-8e676015a01b,최민서,Male,25,2000-03-27
4789ad2f-2635-4904-b455-fa7682c36176,최민서,Male,36,1988-08-15
899c2562-a09b-487b-b990-c366ec1dd7d0,강하준,Female,25,1999-09-24
8f63c51a-5e6f-4625-ba95-5df7f6894920,장예준,Male,36,1988-11-14
1ad53c7c-f4a1-4cde-9c57-62efb2ace8a7,임서준,Female,15,2009-10-27
1525ad61-15c3-47e9-8bfa-e3c900c6cf90,최채원,Female,35,1990-07-18
6c7d27f6-b337-4052-9cce-05b7f1cbaf8f,강하준,Female,35,1989-10-08
a7de81ce-5576-4ff3-941e-5ca4fa326492,박민준,Female,17,2007-09-12
21ca762c-c25b-4c1a-8b05-dd2b7ba33912,윤민서,Female,16,2008-11-13
9e8dc621-29b5-4d4f-8c12-1ed3f2841d9f,김주원,Female,17,2008-02-06
e9be9d7d-c5ff-44e7-93eb-76b83709df17,박윤서,Female,32,1993-03-23
e57673b0-d5a4-4893-976c-60cb6f87d3a4,최지호,Male,42,1982-11-25
7708f78f-47ac-4ffe-b888-3fe923fc428d,최민서,Male,22,2003-07-04
3b347b57-777a-4a0f-9e6b-888adcf5a719,윤시우,Male,33,1992-05-15
9793aa6f-6aed-4eb8-bacb-4f4c0616f57c,김민준,Female,30,1995-07-03
7f61054a-64e4-4c8e-9fe7-27f0d23076c9,임윤서,Female,36,1989-07-26
a09edd89-ac1f-4619-a9a0-f1f350a0c8f8,윤시우,Female,20,2005-07-08
fd555846-8019-48d0-9737-665d11fcb248,정서윤,Male,40,1984-12-28
68ca5560-1fef-470d-b7be-72cd1e983620,김윤서,Female,33,1992-04-02
92b0b4e4-c8ca-4f82-b4f9-abd43e8a1c45,강지후,Male,25,1999-08-19
7997a5bf-cb91-4f20-995e-dc722cf7d72d,박지우,Male,30,1995-07-08
f9ef11e0-9e30-4f62-9f9c-4c303a450f2f,이예준,Male,16,2008-12-10
b3fee5e2-1ca2-4e5f-b9f5-3756e7b083c6,윤민서,Male,45,1980-05-17
bcaf525f-838e-4ffc-af78-a23f3285f2b5,임서연,Female,30,1995-05-04
1475a664-7155-4e77-997c-adfe3d4b2edb,장서윤,Female,44,1981-04-22
5a822a2e-4e6d-4f39-b67a-5400aa658845,이서현,Female,36,1988-09-09
8ba5efa3-6a4d-437f-95e0-8d369387d12e,조지호,Male,29,1996-02-18
b60a1db0-bd7d-4227-8f57-e1c94fd1774c,장수아,Male,32,1993-05-08
38fe8cb8-e25b-4736-9ad7-0de767320716,조지유,Male,24,2001-07-25
9a8a65a9-3058-449b-a738-defd4475ad33,김지우,Female,39,1985-08-10
57855481-3485-44d7-89e1-fc0ef147ce52,이서준,Male,27,1998-05-26
5cefd9bb-1c7d-4262-8b95-05b6d2d7e7e4,정민준,Female,43,1982-07-09
73f1fb94-9177-4678-98c7-c97e9609c583,김민서,Male,25,1999-09-20
9057e70a-76ca-401e-b4f1-8ccb783235df,최시우,Male,39,1986-05-18
3d5f28c1-db10-42b3-a571-c0c62d1f4762,장시우,Female,23,2002-06-01
6c0ea974-8bda-4109-abe3-9eead5db21fe,강서연,Female,27,1998-07-23
07436fe0-8495-4a41-94de-d888b97cd8cf,장채원,Female,27,1997-09-18
4cc571c9-3690-4024-a21b-c55b770bc87f,이하은,Female,25,1999-09-13
041837ae-eefc-4227-8dea-6e65201d6087,윤지호,Male,21,2003-08-09
81aa2c2b-8f17-416f-8b78-9e78f2d0d38d,장도윤,Female,27,1998-06-12
0859d8b6-434b-46ad-b78b-8ec7619f60d1,윤민준,Female,41,1984-04-09
bce7fed3-acb0-495b-8cb7-0f93b2f6efeb,조지우,Female,30,1995-06-21
de98490c-3818-46c0-a9ca-8727d71d3f85,정예준,Male,18,2006-11-28
001f4583-4aac-4507-958e-e5be9074ef94,정하은,Male,14,2010-11-09
4b3fd896-eed8-439a-b1f3-731a62462ebd,최민서,Female,23,2001-10-08
c34ede8f-d6ee-4416-a317-4646fd2c9150,윤서현,Male,38,1987-06-04
8c281cc9-43d1-448c-814e-d4d43dea8b09,윤서윤,Female,42,1982-08-18
cc39c566-0b98-46e3-9e6f-e90569e05f06,이주원,Female,32,1992-12-10
99780cb9-1780-4006-a766-54693adf5827,임수아,Male,22,2003-03-03
9b30383e-8cee-49e1-95f0-a2b5780f0d2d,강하준,Male,25,2000-01-24
02d08ebd-2cc1-4e5c-98f1-ed694e308478,이윤서,Female,41,1984-07-02
a83919aa-9f2b-43a2-ae9c-cac3e6e26831,최지유,Female,32,1992-09-21
aa0a06d3-e7f0-4b23-b89a-b65454232ac5,정지호,Female,24,2000-11-02
1dc137ff-d20b-4c5e-ae61-2e9549d1cbc4,박하준,Male,23,2002-04-04
f50ad305-baac-4a16-a4b5-7fc4b3c7bc36,윤도윤,Female,41,1984-01-01
5cc4fffb-5811-4874-884b-9341604b336f,최서윤,Female,41,1984-06-10
7f91ee0c-82b8-464c-a3bf-3b9babd6660c,조서준,Male,44,1981-05-19
5251ff73-9385-41e1-8ed5-70156aab8bdb,박도윤,Male,31,1993-12-25
6ab5b783-e3a4-414a-9ce7-24539a0ef1a3,최예준,Male,25,1999-11-20
20855e9b-69fc-4a7b-8a44-50fb8703ddab,윤윤서,Male,39,1986-05-26
3a7e3e3e-bca6-4d4e-a66a-76eb5110c652,조서연,Female,18,2007-01-16
9873fad0-137b-491b-a4fc-395dea0e5dc4,이지호,Female,15,2009-08-12
aefad9c6-5bbe-4311-b9d7-82975fbd1fa3,장예준,Female,23,2001-10-08
0ac8f396-137c-4fc0-a77a-60d94b34f92a,강지유,Female,27,1998-02-03
b6f820aa-c303-40bb-a068-2e31a9007685,정도윤,Male,30,1995-06-21
b29d724a-0c85-4720-9014-b02809083de3,장민준,Female,37,1987-10-09
44b7d9fa-296c-4810-81b3-d7c1cddb5a7f,윤지후,Male,40,1984-10-18
345279a1-8481-4a3c-b38c-59b7aaddccd6,김예준,Male,43,1982-01-10
a0843ff3-99f6-479f-ad15-b8449d296418,최하준,Male,20,2005-04-16
d8336401-51a9-46a9-9946-2cc6e5766048,최윤서,Female,35,1989-09-18
866858d8-80df-4f08-a062-1fbf38990b19,이지유,Female,23,2002-05-21
35a7347b-14a2-498b-b0ca-dfc5c8d4be51,장서준,Female,24,2000-09-07
bec0f285-bd4c-4b26-9c3a-efa6ebb92017,장서윤,Female,20,2004-12-12
368efc11-8723-4360-b918-2647202f2020,장서현,Female,20,2005-05-26
30dce9ee-990a-4dbd-afba-75f386a1cd9e,정하준,Male,29,1996-06-07
e357d5a9-249f-457f-bdd8-1e9209f287ca,정도윤,Female,21,2004-07-09
a60c2eba-98dc-4f52-b9ea-b6ef599352c0,최예준,Female,21,2004-07-20
d17e8c75-f5c5-4feb-8df9-8091910ed1cf,장지우,Female,41,1984-02-22
b5ec86e1-160f-4f4a-9d89-297bf59e9216,조서현,Female,25,2000-04-13
a0f106dc-1587-4931-a8f8-d720cec825ac,강민서,Female,19,2005-08-21
c2e7e527-1932-40da-8cf3-3c4cae8297ff,김채원,Female,43,1982-06-28
93984dd0-b3f7-48e8-b7ff-59bdfed64a8c,윤지후,Male,31,1994-07-11
bbf56793-e1ae-44a7-8b27-d17de9650dfa,임지유,Female,33,1992-05-01
ebf73cf6-bf4b-4b90-8621-5ed7c846687b,이예준,Female,36,1989-03-21
0f938a46-1b6e-45d6-9bdf-065c039a368c,장민준,Male,25,2000-02-10
a777effd-2f80-466a-9cc6-232140412a8e,김채원,Male,28,1997-03-12
f90ff969-931d-4d4c-b520-85af863f31de,임하은,Male,18,2007-06-21
7324a063-e239-4f54-8568-398ff6824e0b,김시우,Male,28,1996-08-07
2e185706-73ba-435b-ab00-8d719f900a66,임민준,Female,23,2001-12-12
3782a38a-c827-45e8-8353-1c8c813f233c,임수아,Female,32,1993-01-17
7f93a9cc-42ef-4ba7-b165-65f8c4c40797,정예준,Male,45,1980-07-26
994b6d78-a5b2-4c1a-a3e0-458517d0625b,김서준,Male,33,1992-02-09
0e8a0742-07db-4c0b-8579-b4dced9894d9,임시우,Male,25,2000-01-07
3944b43a-ae78-4391-9222-ea1411b73d66,김민준,Male,23,2002-07-28
98c36185-c7fe-49e8-bc30-9da83e871d6e,이지후,Female,45,1980-07-02
1eae2358-2d41-45b8-b0f8-21408a2c3478,최윤서,Male,41,1984-05-11
63d3b19c-325d-4cb5-87aa-ce762c710b81,최도윤,Female,20,2004-10-05
c17baae9-dbd6-46da-8e5b-1b36eb4b3e0f,정하준,Male,30,1994-10-28
df6cff9a-63ce-4046-9e58-2ba1660d3b0d,최주원,Male,38,1987-07-01
d6782b40-2224-4d53-a90d-f923338fe304,이민준,Female,36,1988-09-15
b2ff433e-ad88-4692-a66d-6cfabc8cdd50,강지호,Female,24,2000-09-21
587519ae-0758-48e0-b402-dd6488b24f13,강하준,Male,32,1992-12-11
ec968162-6bff-4c91-ad3b-5e26bb395fbe,임지유,Male,23,2001-09-04
3b04dd0b-5aae-4f2d-a25d-401890a24fee,장시우,Female,37,1988-01-06
18523b75-f6bd-4089-9c20-5afa11d088cb,정채원,Female,22,2002-12-23
1842bb2f-1386-4935-8d26-d6a66049d980,장예준,Male,29,1995-08-08
b413364e-693a-454c-a623-e97e7dc76de5,정하은,Male,35,1989-11-17
3502966a-69d4-428e-abe2-d82fab90dbdd,정지호,Male,37,1987-09-05
3ea7019d-d00b-4685-b4c6-1d8f1688aada,조서연,Female,32,1992-09-03
c006a79c-aa35-4071-a292-35e4d14bd393,정서연,Female,42,1983-07-02
2602d409-dd5b-4e67-a893-a3bf6ecc2d80,조하은,Female,26,1999-02-17
645648fe-0206-420d-904b-36e246112175,최민준,Male,16,2008-10-21
8a7d83d4-9114-4a74-a6f6-501d581eeebd,장수아,Female,23,2002-05-14
d9e792c6-c55a-408e-93c7-47e6c95f4633,최시우,Male,30,1994-12-28
410c8cac-8133-45c4-bc05-340466c872c3,정지후,Male,20,2005-03-22
caa4cb4e-4d82-4418-8a41-196ae7a6e976,최민서,Female,41,1984-04-05
ef8a9b0e-8aee-4fcb-afe2-0bb70caab4ac,최하은,Male,22,2003-04-12
400e763f-a0fa-4a32-80b0-51ec331d0b0b,임서준,Male,18,2006-08-25
1dfff714-dad6-44b0-a647-90b75dc9fe02,조채원,Male,44,1981-04-19
c2d41754-8cbd-4758-91ab-2200298307d4,윤시우,Female,29,1996-02-09
566a6078-45d6-4b12-9e5f-3c82a23b480e,조지후,Female,33,1991-11-19
f3aee091-0dba-4915-8970-61753027517a,이서준,Female,34,1990-12-06
d9e466e9-383d-43a5-901e-c8d6d376c7c3,최하준,Male,28,1997-01-19
7d67f7be-d4c7-477d-a8e0-08ad26eb8f8a,장주원,Male,31,1994-01-25
259c7ceb-0a40-49e4-ad1f-06636f371c81,이서준,Male,35,1989-12-10
85ec5a54-8f8e-41e9-abd3-d5ef40c56daf,정서윤,Male,35,1989-09-15
5c2c529e-a5c8-4c6a-84bd-1989df8e4714,김수아,Male,25,2000-04-01
76e66e05-f5b1-4d5d-8f15-bf2d8adf351b,장지후,Male,23,2002-04-04
2b80811b-8ea2-4b6f-909b-a092ffe74843,조지호,Female,20,2005-06-24
01177ca5-2e25-4cc0-aba0-cbaab3a45aa6,박민서,Male,26,1999-03-22
2164668f-19fa-4376-93ab-cf155ff641c9,최채원,Male,39,1985-09-21
daa07134-1373-40f0-8961-74b7eb5d20f1,윤서윤,Male,25,2000-05-10
a581e017-6de9-478f-aa67-95567871a946,정지후,Male,35,1989-08-16
82760aff-acba-40bf-a89f-c0f0a08e161d,장서연,Female,38,1987-02-03
2ef1eb90-9262-4456-a6be-3f978bbda824,최지후,Male,39,1985-11-09
9e4d3fd7-c893-4795-9ad8-7430f972e86a,이민서,Female,25,1999-10-27
459623e4-b46c-4c92-b8d4-83bfb0d852ac,이예준,Male,16,2009-02-05
69bc9fec-087a-473a-b3ae-eb51710035e6,박윤서,Male,36,1988-08-08
2a1e0a0c-3895-49b0-9e1c-7d82ae274125,강지유,Female,20,2005-02-18
a988f10a-daa3-4297-a4a2-570a102e6b00,이지후,Male,21,2003-09-02
e722e046-11ab-4e0c-ba97-1061157701f0,최예준,Male,20,2005-01-03
3d7de762-ecab-46c0-a3df-63984bea5d33,최채원,Female,19,2006-01-18
cf4fa286-6d42-4d96-92d9-3f11a1e0e568,조지호,Male,20,2005-06-11
ab2594d8-1ba1-44c1-820d-bd45b483d60a,김도윤,Male,37,1987-12-08
f44a68c3-8ced-49dc-b3a7-22ad988f2721,조지우,Female,42,1983-02-05
2b7a94ec-33a9-4421-bd67-b5066a11bffa,임민서,Female,32,1992-12-16
879f7ae5-a433-418b-b867-a47a7569e69c,임윤서,Male,41,1984-02-01
768ffd46-68df-4d06-8e9e-5cb1e7a4ce6b,김하윤,Female,41,1983-12-04
6ac57d07-efd5-4be0-885f-32a5904afb02,최서현,Male,42,1983-02-20
c44d41b6-de9a-4387-b919-fa73b824babf,김채원,Male,34,1990-11-01
cd67152f-38f8-45e1-a537-b2d8302cb782,최민서,Female,23,2002-03-26
d4e97864-ad26-4017-8095-96c79112259b,최서연,Female,14,2010-11-07
f4dd91e1-03d7-4372-9030-007f3eabf6fb,윤민준,Male,20,2004-11-18
7a3692b4-4fad-4024-9a76-ccda16de4967,강서윤,Female,20,2005-07-11
ed1391ab-3d9e-48ab-a586-407afe45e0b0,이서현,Male,43,1981-08-02
07ad5b82-c955-4db0-9410-9ff1840e6a4f,정주원,Male,42,1982-12-02
5506683a-1d01-4230-9503-23574b60d3d2,장서윤,Female,26,1999-06-11
dccdd4c1-ed07-4364-82a6-d26fbdf91e2c,정하윤,Female,16,2009-07-14
0a0583cc-1014-4cd5-b70a-91d2d1614285,강도윤,Male,23,2002-02-09
6f5e54c5-8e28-46a9-9aca-74cfa580d208,장하은,Female,37,1988-04-04
ec915496-a6ac-45f7-beef-657e644f9f87,조시우,Male,32,1992-10-28
dc6ad2a3-c94f-42b2-9ed5-594a095d6822,박하준,Female,33,1992-05-13
f8a5c867-f733-4c15-b9c9-4cc2c07ed57a,정하윤,Male,27,1997-11-11
a27ef7e9-06ba-46d6-b890-f5f186e10f6a,정하준,Male,26,1999-01-14
0ddd3e11-8af0-4fd7-90e1-e09208ca8b65,이서현,Male,39,1986-03-07
837c6bdd-4c02-4370-86bd-08bb324821a8,임도윤,Male,32,1992-08-03
f3ffb1d0-00e2-446f-bf20-5892906e7dc5,임서현,Female,18,2007-06-06
7cceef2e-a7d2-47f8-a1c7-436d6e702075,김서현,Male,41,1983-10-01
8fefd600-ef1e-4fbe-8433-225c01ae15eb,윤하준,Female,19,2006-03-25
2a86b35b-588d-4c06-9c51-79dd7fda8dad,장서연,Male,20,2005-02-27
6cc760ba-406b-4572-bb88-8007142dd857,강예준,Female,15,2010-02-11
44e4911f-94e7-4209-a1ff-18ffcda5c208,박지우,Male,39,1986-01-26
6739b2f8-6724-45a1-84d8-b797f1dd307c,윤채원,Female,18,2006-12-13
55dcba09-8203-4c96-bf6e-21bbd72f9ec0,김수아,Female,32,1992-12-11
b13e084b-e508-495a-acca-2f0c58d4bbd4,김민준,Female,22,2002-12-18
f5b29738-4ead-4ac9-a8f8-66e3f702c6d3,김지우,Male,19,2006-07-21
bd5df4bb-7e5e-4cf1-829c-fffd8e96a88b,임수아,Male,19,2006-03-08
5a214098-7884-40b0-8d13-3abd988d66a6,박예준,Male,30,1995-02-16
196db60b-cf6e-4f7e-90d8-46048927c0d2,임서연,Male,21,2004-04-23
566295f4-f821-466a-a126-9aa6bc5549b8,임서현,Male,43,1982-01-07
f7742917-40ee-4609-b839-43f31929a713,이지호,Male,39,1985-09-16
6e3e1812-79f4-4a64-87b9-d24914275be8,박서윤,Male,45,1980-07-17
e1e40992-20d9-47df-8bb1-2d30552fb8e6,정서현,Female,24,2000-12-10
ba454671-6737-4530-8fd6-f14798bdd9e6,강서현,Male,30,1995-07-28
64a893ad-3b57-460c-ba83-e34096c2bb30,장하은,Female,31,1993-10-01
fe1c3386-5519-4912-bfef-d5a1d67ee6cf,강서연,Female,23,2002-04-15
c65637da-04d9-43a6-8025-e9ad5cfc5825,윤도윤,Female,19,2006-03-15
ab1c3f2b-9f4a-43db-a512-2fdcf33134b3,조주원,Male,36,1988-11-12
7721babf-018d-41c5-9437-163d94afb737,김서준,Female,18,2006-10-02
6ef87597-af59-4f71-b602-969a98dba5fd,강하준,Female,35,1989-08-11
2deae2d0-1e65-4e78-9f80-642902bbf18f,정수아,Female,31,1993-12-01
d96f6950-202d-4023-bbc8-c2b33cf7725b,박서윤,Male,35,1989-08-02
57a568f9-ee36-44e9-a311-4b0ab869dd1f,윤지호,Female,32,1993-03-15
a85de9a6-c3a1-4c1d-aefc-c72df220c1f2,조시우,Male,20,2005-06-14
90797ad9-e89b-4a31-9e6f-7c327b6c4499,조지호,Male,37,1988-05-01
5f548f93-a1f4-4afd-8560-7e413d1d42f4,임서현,Female,31,1994-06-03
52adc88f-9ce5-4547-bcb7-d33f07ddc56a,조윤서,Female,45,1980-01-12
e85f4a87-faf7-40df-9033-887770c74ed1,박서윤,Male,30,1994-09-11
40c83eac-d47c-439b-a845-9b4fe074c16a,조서현,Female,44,1980-10-13
8f265ed7-abc4-4a0e-8183-cfaeef4fcbd5,이하윤,Female,21,2003-08-19
97402264-1d8a-4a37-9475-545da962ca8e,정수아,Male,15,2010-07-09
f8be2da5-5cf1-48d2-a692-5277ea92dcf3,조하은,Male,19,2006-01-18
df95ab35-302d-4122-8911-57abac456f05,임지후,Male,16,2008-10-03
2a2c3a7e-0a7b-410d-8be6-b22adbe19d50,장도윤,Female,27,1997-11-04
3aaf4ddb-9848-4276-b3bc-af1a7d60e66f,김채원,Female,39,1985-09-23
dd554032-c368-4ae5-9163-ca53c8f0f38b,김하준,Male,38,1986-08-23
88ab5673-b3fa-4650-b057-3ec5db7cec6c,강윤서,Male,24,2001-07-07
b7e1c63c-59ae-4500-a2c6-8c2a08898304,김채원,Female,27,1998-04-10
4d2d6b4b-78e8-40a0-b151-8db442fa4392,조민준,Male,35,1989-09-26
29a7b51c-6993-4429-8652-32956ecfc45b,최도윤,Male,45,1980-03-17
925d61f3-b6d3-495f-a15d-000e83756324,강민준,Male,42,1983-04-07
9688ba64-b073-4b6b-9d71-abe614844841,김하은,Female,21,2004-02-26
296d4ebe-33e6-4a58-a672-279ecab38b61,정하은,Male,28,1996-08-19
c34b312a-a49f-41a7-bafe-a00a12260645,이하준,Female,44,1981-05-23
7739034f-b314-4067-a45e-0a97e3f9e4ee,윤채원,Female,40,1985-02-21
d37480be-4b4f-4922-8548-5c5ad2fc910a,장하윤,Female,34,1991-02-09
c498631c-4e49-49dc-9058-8fafcdb58113,강시우,Female,20,2004-09-21
b98d82d2-1883-454c-981a-58cda13dd9a4,이채원,Male,23,2002-01-16
c1526c4f-551d-4815-b22a-452e3a305247,윤윤서,Male,32,1992-11-18
08cd9462-7954-4632-976f-446e405035af,조예준,Male,15,2009-09-20
3f6ae576-d4d5-4781-9d4e-23b529edbdfe,김하윤,Male,22,2003-07-25
a586e758-347c-4f66-8305-53357b3e3345,김지우,Male,30,1995-02-25
d60cd368-161e-4249-9b41-ef03590ae109,정서준,Female,30,1995-03-08
dc6944d1-4204-4c87-b850-4c15d422bc12,조지후,Male,15,2009-11-24
108c6c53-b12c-4485-bae0-bbdb9d1bafa0,김민서,Female,42,1983-04-02
83f76a1c-2150-4603-bf6c-5a055c46b604,임채원,Male,38,1986-09-05
7bd7c061-4e6f-4877-8025-7e988b86e3ea,이민서,Female,20,2005-07-16
2e9b32cd-264d-47e2-a0a2-f6e2b49a4b1b,최예준,Female,45,1980-04-15
49c39813-d2ce-42eb-a112-05403d1ba96a,조하윤,Female,17,2008-07-03
71a5d7e9-89f3-4cb2-998c-8740f4d08d35,조지호,Male,41,1983-10-08
1ee1a726-d43c-4d2b-8dfe-3b4305db9c59,윤지우,Male,27,1997-11-09
48eea9be-6f92-43c1-adb0-dc7779608b6a,이하준,Female,41,1984-07-11
d83935d4-03b6-45d8-bc09-b73ed01ec8d0,최예준,Male,42,1983-03-25
1cfd2fec-9c5b-430e-9c8f-e9426b442e13,윤윤서,Male,22,2003-01-05
fe33e5dc-aa5e-4570-8f2f-64214de53a25,조민준,Male,27,1997-12-04
d614ea80-b343-4c06-a336-95b5f98c2e27,이하은,Male,44,1980-09-25
6b87efe6-7b45-4b4e-bbc5-90697226b345,이지호,Male,35,1989-08-25
b88fee9f-f919-4144-b78f-4cb90a6261ef,강서현,Female,40,1985-07-01
ee42d104-6ef3-4fb0-a661-33217db5b8a6,장지유,Male,17,2008-05-28
2680414a-b179-4c1b-b6a5-e689db606905,박하윤,Female,21,2003-09-19
15fe48df-a9bb-415d-9ffd-ca6056387f51,이하윤,Male,27,1997-08-09
74739686-9d74-456e-bc06-3f580efbcdad,윤채원,Male,38,1987-06-12
b165f2af-b679-4eda-96ec-b0edb92f2e0c,정지유,Female,44,1980-10-08
41a43673-389d-4e83-8edc-71dc46bd4de8,장지호,Female,31,1994-03-17
6721dba3-7949-4500-964d-c676fa99cd2d,이도윤,Female,37,1987-08-13
b9389ac1-e06c-4137-8e21-cd2c5c22d337,조지유,Male,37,1987-08-19
2dd14273-a5b9-40a9-a547-5593f2c8f8da,윤주원,Male,45,1980-02-09
760b23d3-e6d1-4712-af73-7d27d463a458,강주원,Female,32,1993-04-05
f2213318-85ce-4d28-8285-b5b18119ad9d,강하준,Male,19,2006-05-19
85fca8f4-95cf-4aab-bb5f-5355c84cbf77,임주원,Male,36,1989-05-23
80d50150-86c1-49a4-8d57-41a0cc56a413,이서현,Female,39,1985-09-24
43c3e4b6-d787-4b17-8075-3b380968a9f2,임수아,Female,33,1991-08-04
7b991230-d928-4126-84dc-4873f8ec5988,윤하윤,Male,32,1993-06-18
0531cd83-91ec-4238-84f7-9a39dc262bc1,장윤서,Female,22,2003-07-22
e2edd13c-22cf-4237-9d4b-b73cbd8cd9f8,임하은,Male,44,1981-01-02
b02f2306-e47c-4eab-924b-f01af88709fc,조지호,Male,21,2004-05-15
5ca07786-b6dd-4f39-8754-be11dfd2f523,이수아,Female,26,1999-03-21
03154ddb-311d-4577-b15e-42df2c36ce37,김하윤,Male,23,2002-04-27
10fba5bc-2c5b-4141-8709-7b9187d34a91,강채원,Female,20,2005-01-12
352257aa-fbfc-4a07-a269-de706a9bc17d,최민준,Female,40,1984-11-01
07a39f03-4c0a-4662-a2d7-d8b66ae46f18,강서연,Male,21,2004-05-05
d4c4c5cb-2b22-4c73-9da9-55b1f964c4b1,조윤서,Female,30,1995-06-10
82347aa4-cb76-4cf1-a8cd-0f7251f14a34,김서현,Male,30,1994-12-01
e5387c18-dbd0-4536-a416-c65fbabf60f6,윤지우,Male,30,1995-03-16
6abde2cb-d946-47d5-ad9a-9d70f38a4ec4,김지유,Female,19,2005-11-03
3bc60d1f-f229-4d2c-88ab-1671b2be3e1f,조예준,Male,44,1980-08-14
331a7890-e160-41a6-b2ab-2977560f4f4d,강지우,Female,21,2004-02-06
372ace35-2ce0-4712-ac6a-5b531e08b3c6,윤서준,Female,30,1995-04-08
ff1d4368-8bee-4442-b5a9-f6decd3c083e,임서윤,Male,43,1982-06-04
5cc530f3-c72e-4d0c-b7aa-f79db0b8d9d6,이하준,Female,22,2002-10-17
8e3f227c-e533-47c5-aa72-5a13c8bd587a,최주원,Male,34,1990-12-22
2c7bf629-9f78-4891-87ba-29b5e0b212b4,최서윤,Female,26,1999-03-13
2119aaec-82a5-4cf9-8758-84b57ef8dbd5,최수아,Male,28,1997-05-01
589481fc-e593-4fac-8c68-476dbb72df33,정지우,Male,28,1996-10-10
1a5d6bfd-2c30-45f4-b7dd-76e25c47836d,임민서,Female,41,1983-11-06
65b197c3-a76a-4096-826a-1f5b8bdb7bbb,임주원,Female,22,2003-02-10
a28ecefe-5c80-489f-81ee-2832161393ac,김하준,Male,31,1994-01-21
5e0624e5-bf63-4de8-8c4c-6a91d021a9d7,임지후,Female,38,1986-08-03
4cf14a0f-1737-4282-be47-b8f8b195f9a3,윤하준,Male,44,1981-07-03
1fb847fb-6267-4cef-833f-10cba315b479,임서준,Male,27,1998-06-03
689fd1c3-9241-406d-a1ea-ae12237a2885,박주원,Male,23,2002-05-15
5bf43216-8e16-49b4-82a9-09260e85f0cd,박서연,Female,17,2008-07-17
fa7bc9ba-a01e-43bc-b76d-88f06f838b10,조지우,Female,44,1981-03-22
93c974b3-ba7e-4eaf-9732-5063a6a48592,조서연,Male,25,2000-07-08
a79a58d7-c6b9-4b0c-b276-841fdada3b2e,임채원,Male,44,1981-01-09
c675fb28-0dc1-4d96-8774-737ca5c5afd5,최윤서,Female,42,1983-05-12
6673d169-86c8-4e71-8d7e-7ca13603dca7,김민준,Female,20,2004-12-26
159c5ef4-9318-4164-a15b-678a4daa6fa3,김하은,Male,26,1999-04-02
ae3c9cf6-98ad-4084-a58e-6d3350655684,김지호,Male,44,1980-09-12
c9914216-b555-4624-98a1-92c28da38af3,조하윤,Male,44,1981-04-13
d6f3534a-70a7-45d0-a2e6-c76959dc52cc,장수아,Male,31,1993-09-28
edb3c1e5-8413-440a-93bc-6a6073edabdd,윤주원,Male,22,2003-06-12
8cc2c647-0fdf-4d06-ae82-0f5a03378679,윤채원,Female,31,1994-06-18
edfb0704-9a40-4420-9e18-d063386c5643,장지우,Female,39,1986-05-06
59c39018-991c-45c2-8cf9-084cb6b287d6,윤하윤,Male,19,2005-10-28
c6b156f7-0b88-4176-b3f3-c9d313764a89,김하준,Male,42,1982-12-13
ca4812fe-6c6a-42d4-a2c1-a9c3542af12a,장시우,Male,20,2005-06-17
c36eb9f6-9633-4222-9c1f-b9a462c02490,이주원,Male,14,2010-12-15
6ff692d4-848f-426e-94eb-f9db5a122afd,장예준,Female,32,1992-11-02
0acea869-8037-498c-93a3-5ea192ddf431,장서윤,Female,19,2005-09-13
b5d75673-369f-4b84-ad56-f9e6572a9182,조주원,Male,42,1982-11-28
5017cb0b-bd28-444b-a881-0cdadf45c029,장시우,Female,34,1991-04-02
878d4466-2235-4819-9e60-39cb315ac2a0,김지우,Male,34,1990-08-09
8079e5f6-f37e-40f8-a00c-35c39852f2ca,박지후,Male,25,1999-12-25
1144f368-acf4-4173-a594-57e8c10cfe47,최채원,Male,32,1992-12-14
ecee9c2b-d2ab-4cf0-9f9f-60b9fc2d7148,김서준,Male,28,1997-05-28
685ba58f-e45f-4bfd-82f2-219cefab6dc6,강서윤,Female,15,2009-08-18
09a7a047-f2fe-4b65-b502-2c85d1f8c4e9,이지우,Female,25,1999-08-15
6718794b-20c4-4a7f-8714-a72157a6a352,최서현,Male,24,2000-12-06
77d219fa-a053-4c2a-9a41-40c181d8f8c7,정수아,Male,22,2003-06-27
ae746bc4-2603-47b5-8603-5bb4f4291d58,김민준,Male,16,2008-08-27
883c0eef-cacc-47a0-b84d-c0fc67561cf7,박서현,Male,40,1985-01-12
f175f670-d542-47bc-b506-4ce5d0485aeb,장지유,Male,42,1982-11-09
6780ae0d-45c8-49f0-8a97-c9e082d970a7,임예준,Male,34,1991-05-14
937bf7a7-b7f3-4da8-b1a9-74ee77df7703,강서윤,Female,30,1995-07-21
f9314c61-c818-4c9c-90c5-eeb17bdfc35c,정하은,Female,24,2000-10-25
7b2f96c5-32c3-4909-b26a-116aa5a314db,박서준,Male,33,1992-07-02
51f0de4d-50fb-4ada-8e15-63aba3a80f30,김민준,Female,38,1986-11-14
104bf9ae-11e6-4af9-b871-26067594b948,조지우,Male,30,1995-03-28
9684b9aa-1e5b-49e6-843e-a1e27013b7fd,최주원,Female,32,1993-03-12
708b3860-1206-447c-a459-ea8c83afe4da,강민서,Male,28,1996-12-14
cc79f965-08f3-4f48-bd83-4530e64bd13b,김수아,Female,35,1990-05-22
f9bd4004-095e-4531-b140-e65e252c728b,강서준,Female,44,1980-11-25
763b3bfa-be9e-4a9b-82df-5416244bdbfd,이시우,Male,15,2009-10-19
b326d212-c7bb-493c-8db2-7ccbf8fe58cf,박서연,Male,21,2003-11-28
8a58eef3-4884-441c-8715-79b4ec2fd6a7,최서준,Male,28,1996-12-10
ea819fea-a891-467e-b1ec-7f424f23da34,박민서,Female,22,2003-01-04
0c3bb27d-5c35-4785-862f-421c210de2fb,조지유,Female,45,1980-01-17
1b5babec-d240-4ca1-aa6b-cd4e4b4e14be,장하준,Male,38,1986-09-28
30f5362c-1398-450f-a9ac-d6cfebc6879a,정예준,Female,30,1994-12-03
06eb3c13-bae1-4dcd-b696-6213097fa686,이주원,Female,42,1983-01-05
570c381e-0108-44a1-a8c4-2d390bbebb1d,최서윤,Female,38,1986-10-18
bf013007-25fb-4c3f-b979-a81735e4ce9c,강지호,Female,21,2003-11-19
3ab5c15d-af6a-46e6-8119-53387dfd9a80,윤서준,Male,41,1984-03-19
b4655382-37d4-448d-8797-30516c130d72,이민서,Male,20,2005-02-20
86380418-6e09-44c5-86be-4e3625237629,임하준,Male,22,2002-09-27
44945a3f-54f6-4564-b2fe-65573e939492,윤수아,Female,33,1992-04-21
f7ec5abe-88d2-4a55-9c11-ecc13644f278,이지후,Male,32,1992-09-15
658d6616-94ec-42cf-82a4-ebaeca758b68,최서준,Male,22,2003-02-27
cf1ebeb3-3161-4f3f-ad2a-f0ee4cb4c55c,이시우,Male,20,2004-08-09
5097b5dd-7d94-4221-899a-a04ca9425d7a,이민준,Female,21,2003-10-15
675903db-a907-460a-b121-92e597b7fb11,윤수아,Male,25,2000-01-27
7fac4992-52e3-4223-9055-9e0b020c7025,김예준,Male,25,2000-07-24
6edf741b-21cd-4024-8d49-de809fd0e4b5,강예준,Female,38,1987-06-18
0b425040-d0da-42e7-b383-c6ae9c2c100b,이서현,Male,37,1988-04-27
57605ecc-c789-4779-96aa-51946c78ec7a,최윤서,Female,29,1995-12-26
5bc8a632-b7ce-40df-b58c-296d86fa018b,정하은,Male,42,1983-01-13
745503a4-18ad-4a1a-83f0-dbfb1deba8bc,박채원,Male,21,2003-10-14
87c46269-66c2-40ba-8967-6abe3b8a16db,최수아,Female,33,1991-10-16
f0001268-c514-476f-8108-77159d41b651,김시우,Male,23,2002-02-05
17c56369-c189-4224-a6c7-ba2c43c6a0a6,윤서연,Male,23,2002-06-08
e1b8f496-2002-4cc7-af69-5c0b4eb6b10d,정하윤,Female,28,1996-11-20
6445b195-ef53-4ce6-bb74-bcd76301534a,이채원,Female,39,1986-07-26
3c381707-cd3c-481d-ad51-7ead83ac7c47,박지호,Male,43,1981-12-06
433a668b-c1a3-4189-8095-beb2c134ba17,최서준,Male,20,2005-07-15
02f7e459-96dc-48de-925b-75b557cacbd6,윤도윤,Female,40,1984-09-23
34f216b9-de4c-4b4b-afae-71ffbacf9dae,장하윤,Female,42,1982-09-02
fd50fcf1-ae67-494d-ba8c-5c68a876f0c8,박윤서,Male,14,2010-11-11
91a283b1-630c-4058-9367-262d681877f1,윤도윤,Female,31,1994-03-06
9ee9a205-c38d-4bf0-a0b4-fb090c028173,최주원,Female,16,2008-10-19
e4e0ac2a-9a37-4cbd-b7a9-9b93ddcbad56,김지우,Male,38,1986-09-21
b3f2849a-597f-47ea-8e4d-2916724e4413,임민서,Male,17,2007-11-22
0cbbcfff-a1f9-42bf-986b-93c5c75147c6,조지호,Female,25,1999-09-01
c7cc93d9-2381-45b3-9185-efe39be78282,정지우,Female,34,1990-11-13
2e899f08-06a7-4dc6-b1da-1de1f2d9fd4d,김서준,Female,20,2005-03-02
75a5f387-5c91-404f-9e64-c711c575d88a,박수아,Female,42,1982-12-05
569836be-34fb-4d7c-945f-1028f2afc92e,조예준,Male,40,1985-04-21
5bdf2714-9015-403e-9dd7-fc0f83ade458,임채원,Female,28,1996-12-14
de2a24d5-2465-4abf-87a6-b46cf8ce9446,강민서,Male,42,1983-04-20
2605174a-7c31-4beb-9cde-335bb793431c,이지유,Male,16,2008-09-22
30cf3677-4d3c-4620-b98a-410be0f4c4bc,김하윤,Female,44,1980-08-25
4d0aebd3-af39-47bf-a863-4d7b20beabb4,강예준,Female,42,1982-10-17
4233ec70-03cd-4906-9cd0-8a6bcc6fd084,최시우,Female,41,1984-07-17
b12c829c-4a18-4713-9714-553e24530481,장민서,Female,38,1986-10-25
81cd2f6d-7614-495f-9586-25da15ee9a6a,박서현,Female,44,1980-09-11
70c422ce-a721-4e5d-8f45-509a1b7f32a4,이수아,Female,18,2007-02-17
1fa4b7d7-661a-4b83-82da-8391edbd45b7,최서연,Male,24,2001-04-02
12ea6629-d3a8-46ca-850d-353e7ee82950,윤서연,Male,41,1984-02-27
de70c9a8-3301-4b27-9beb-ec0a5b2345b1,장민준,Female,40,1985-04-26
9ddf1ce2-0058-49a4-9d17-5deaf1352ae2,장수아,Female,34,1991-03-19
98c438c7-ff50-492c-8a61-ed7bc00856a2,조하윤,Female,19,2006-01-20
f7e73d75-37e8-44ce-a8b7-7915e01a6f33,강지우,Male,20,2005-06-09
c4cbf2d9-92d4-4cd3-9065-349a0b8f87f7,임지유,Male,18,2006-12-05
d4afd281-9bf8-4739-9d35-b2ef6590d87b,최지유,Female,29,1996-04-14
49b1de59-4e24-43c5-b4b0-1741661c8faa,윤서현,Male,36,1989-02-20
db3d1726-e76f-4efd-8098-bd41290d33be,최지우,Female,36,1989-03-12
0f0e9186-52d9-4c06-a397-3889016ea84d,이시우,Male,29,1996-01-01
427e91ff-af61-4727-aaaa-0106521ca585,조윤서,Male,19,2006-02-01
7d7cc68e-9ce5-4d02-9aba-b34b0d262e5d,조지우,Female,36,1988-12-11
c3113383-7c4d-47d2-aaa4-f71cabfeb8c9,강예준,Male,26,1998-11-05
fb453375-38c6-4562-af76-caa69eb4e2d0,박수아,Male,45,1980-04-06
0fd357c1-4244-449c-b21d-fd8218187f1c,최민준,Male,27,1997-12-14
5c2a3391-3f35-45d6-8be3-5cb5b0f28a64,임지호,Female,32,1993-04-11
6b7b19d4-510b-4a60-bdce-93728abcf77d,정채원,Female,25,1999-09-15
8731db82-3dba-442f-b859-af9f5af21e42,최서준,Male,28,1997-06-19
20d52258-867b-4203-89d5-b1f48610d301,임지후,Male,44,1980-08-15
cf6ba431-153f-46c3-99fc-691358be3521,임민준,Male,22,2003-01-09
67f33b8c-145e-4340-82c0-7b032d0b65f5,임서현,Male,40,1985-06-14
585b5a1d-4139-439f-8e6b-6e0e96890a95,박지우,Female,40,1984-09-07
96af3dca-3417-4735-b932-f3eac18592db,강수아,Male,25,1999-11-20
0e1e729f-df32-4de8-919f-e84279865400,윤서현,Male,44,1981-06-22
4b9ce6f5-5af6-42e6-b108-750cc688ef21,조지호,Female,41,1984-02-16
53fe00d4-7444-4dc7-ae85-e0790716845b,강시우,Female,32,1993-07-16
565e1ce2-bccb-46a7-bf49-527734ae0dcb,조수아,Male,29,1996-06-26
44df1d75-3ad9-4324-8732-7c43290273cb,정하준,Female,18,2006-12-21
08238318-c6fa-4269-b2f3-7ec2353f014e,장도윤,Male,29,1996-03-08
13b0e688-5336-429c-b1d7-9fa2306477aa,정지호,Female,16,2008-08-22
f3cefef2-cf5c-4042-907b-721d0f1a8a4f,강민서,Male,36,1989-07-18
84ea04d8-0d6a-4eab-a9c6-140ba7b2411c,김하준,Male,43,1981-08-24
fe99c447-04d1-455d-a585-a4f90ff2310d,조시우,Male,27,1997-11-22
d300dee0-946c-4f8b-867e-54b91a6f35eb,이지유,Female,21,2004-07-28
42c78962-d5a6-47d0-96ed-d1f9bbacac0e,김민서,Male,39,1985-08-15
bf08b3c4-6248-4948-aef4-950e54bd1d11,장지유,Female,24,2000-08-23
acabcde4-d1a1-4779-84e0-0d0587923c1b,최서준,Female,16,2009-01-10
42c6050f-da6b-479d-910c-ff0e594907e2,이서현,Female,28,1996-11-03
6feb683d-d09d-4df4-96e6-8d160adde5e6,조수아,Male,29,1996-06-21
2cbb23c9-8c6e-417c-9129-279956cd22f7,강지우,Male,17,2008-07-18
d0f9ed2b-8263-47be-aa96-501351364d77,강서준,Male,26,1998-12-09
1559e675-dd78-4be5-83f9-850a41f95540,임수아,Male,28,1997-03-10
bbb68dfc-be40-4715-bdef-4dd6f04fa04f,최지유,Female,38,1986-11-08
ad95f55c-b8a3-44f8-a1fc-9fb1bffdf5f4,최수아,Male,16,2009-03-28
e9e817b6-68c0-4dc6-8f98-27fbe08e0e9b,윤채원,Male,41,1984-02-26
9bf16373-d802-47d4-ad7c-04ad96f6e51b,강도윤,Male,22,2003-06-12
533b7036-dfa2-4150-bd31-d4ec5928714f,장하윤,Female,21,2004-07-24
8ad9119c-7b54-4378-a286-eafd5c824502,최하은,Male,32,1993-04-27
72ee6184-07ca-491e-872e-4e86ba1d7f05,조서연,Male,26,1999-03-07
39c00de9-dd6b-48a6-8628-13b4c7a1dad5,강지호,Female,28,1997-05-10
401e45c7-e289-44ae-8110-c0e40acb5f54,최시우,Male,18,2006-11-05
6e2795b5-6e3f-46a1-90fb-ae1df43b9ae2,최지후,Female,44,1980-12-09
63d1ec74-102f-4eea-bc61-b60cf52f0475,윤지우,Female,40,1985-06-28
60341ff3-546a-4e9d-836d-f7d04d4dd26b,윤민서,Male,16,2009-02-17
ca016fb7-d366-4c82-a6cc-5a441a3de6c8,김하준,Male,16,2008-09-18
f36bdb7c-c60d-461f-bb7d-5a1c90cbb18f,이지후,Male,31,1993-10-22
920f3478-ed91-4024-8b03-78807915d840,조민준,Female,23,2001-12-23
839076cc-0241-482e-8fb1-c0ce11042f17,강도윤,Male,20,2005-07-07
80a910ba-3254-4fa5-86c6-40c2c5789e31,이서준,Female,39,1986-03-22
ce189ef6-c755-448a-823b-c49c68597979,정윤서,Female,23,2001-09-16
f9e62da6-c06e-40da-aacb-fc143a1282c3,조하은,Female,44,1981-07-05
9a426adc-f894-409a-8ab4-1c14c95e68c4,강시우,Male,44,1980-11-23
791d4719-af03-417a-a1f4-d1ecea82dab7,임서준,Female,19,2005-09-03
b6e06f0d-9fcb-483b-b6ef-3697380b4793,박윤서,Male,17,2007-09-07
76c86ca7-7cd7-4bfa-8449-6feca95fdeab,정수아,Female,33,1991-08-22
12159d90-9f70-466e-82a3-efc36bae2dea,박지후,Male,24,2001-06-13
43d59f65-55fb-4644-852f-4f38718df494,장하윤,Female,23,2001-12-13
5a1e3072-9a69-458f-9655-149cc67e0a83,이지유,Female,21,2004-02-14
b42f58ff-dbdc-4bff-ac87-783da686443e,윤지후,Female,28,1997-04-25
276d3ea0-12b6-48b5-920e-314ddbcc05cb,장지호,Male,18,2007-05-13
e468a265-1d00-47fa-bd87-0edadb3a1aba,김하준,Female,31,1993-08-11
4f34913a-145c-4664-90c1-a8af2e1b31b7,박지호,Female,34,1991-04-19
bc777003-cd9a-442c-a642-e22095061b04,임서현,Female,15,2010-02-27
4579b5cc-d497-4171-9130-1eaa8167c7d3,정윤서,Male,32,1992-12-12
cbfa1df7-37f6-4d23-9a7c-eb3c3951b3cc,이민서,Female,22,2003-07-20
b881b269-b517-4dba-9b84-3c6e01507950,최지호,Male,36,1989-02-20
e7d84c8e-e03a-49c5-8979-4c6b6fac7254,조지후,Male,41,1983-08-12
a3f9c52b-9046-4612-bb58-fcf1afe22f26,김수아,Male,25,2000-02-02
5c6deeb1-fac6-410a-9abc-a894490bb911,정민서,Female,29,1996-01-22
22e35b68-e567-4bfd-ab1a-5b5d3250507e,조서현,Female,31,1993-12-05
24882f1c-6797-4b4e-ab72-c5404b7dfe08,강지후,Female,15,2010-07-06
a9cda780-036b-4cce-934c-a8ea9769aa3d,장도윤,Female,20,2005-02-27
40736ad6-1a0e-4c99-9aa1-7594d302e103,최서연,Female,36,1989-04-08
0f4af4f4-37a4-4bd3-9093-bada8ca735eb,최서현,Male,31,1993-10-22
2d3586e8-17d1-44be-84d3-04a59716d5f5,박서윤,Male,27,1998-04-04
06609a65-9217-45a9-9d37-820f2264ebe0,최서윤,Female,18,2006-09-12
4800b25e-2f99-47e4-9bbf-4d2bb1834e6d,김예준,Female,39,1986-03-21
7efce530-60c7-4527-86d1-6d3c8b3fc4ce,김주원,Female,27,1998-01-03
8da84efd-4313-4702-9e9e-7c63371ad9e7,최하윤,Male,15,2010-05-27
710201b8-2d97-4553-86c6-861788568fd5,윤서연,Female,35,1989-12-16
39bf96a6-afa4-47ef-b845-6fd2137098ff,장서현,Female,38,1986-09-20
12204d9a-4975-42c2-b059-9bb67bab8519,임채원,Male,35,1989-10-11
fdf157d2-83e6-45e1-a632-0e43b116d137,임서연,Male,25,2000-06-09
b5fd62f2-8173-4b64-8544-3ce0458cc5a5,이서윤,Female,40,1985-03-05
edcd79dd-6355-434a-8e60-a0e3979a0ee1,정하윤,Male,35,1990-02-11
4cde089f-b2cb-40c2-aeaf-c370927a2df2,최도윤,Male,30,1994-10-22
252ef1ed-d335-4206-abe7-e43665f7387f,정서윤,Female,29,1996-03-02
7465acce-4252-4468-9126-a1c0b168a913,최민준,Male,28,1997-01-11
3e7ff72d-1f2f-41bf-9093-a9ef2c703fa3,윤서현,Female,21,2004-02-01
4537bb21-f260-413e-84ac-4876d9f7c047,임하준,Female,17,2007-10-06
5c18e5c0-830d-4e00-9c6c-decd8dd1065c,윤서준,Male,16,2009-04-01
1ed16d07-3d04-4c01-b55e-ddb0702da0ae,장채원,Male,31,1994-02-25
eeaf525d-f587-4e94-ae43-044ac949f88c,임도윤,Female,31,1993-08-25
b106d828-5c6f-437a-a291-959a2db9c588,김민준,Female,43,1982-06-17
726a2e0f-9fa6-46cd-b7e6-7478c253d417,김지유,Male,43,1982-01-14
d4214274-97bc-45d3-8ab8-624376fdd32c,조지유,Female,43,1982-03-24
c017adb4-807f-4051-ad36-18ca8ecc6da5,박민준,Male,18,2007-05-07
489e7797-a0de-4b89-bc89-e95bdf507aeb,윤시우,Female,36,1989-01-07
eab4250f-23ee-4625-aa7f-04ccb14d8d87,이민준,Female,33,1992-05-06
d61e6535-fd4f-4fc7-bafd-5157a2879f36,이하준,Female,17,2007-09-05
ed2a1a76-85b5-4812-8a0b-dc3fb5b904af,강지유,Male,18,2006-09-28
340e289d-6839-4e24-a33d-b31926eef1fb,윤서현,Female,21,2004-03-23
02f9f196-8e25-4f4e-8c23-1b2f263801b4,장지우,Male,41,1984-03-11
59f6af60-284e-44b6-8e52-1f03e37403d1,김하은,Female,26,1998-12-04
a3a5e74a-1b8e-4f22-b40d-f97fe773f2e0,장서준,Male,21,2003-09-23
ec538292-c351-47fa-ab8a-77310309cb8e,임채원,Male,17,2007-09-16
d14d6930-3a60-4807-9a99-e59e5e796638,정지호,Male,28,1997-03-22
e73cac36-8cab-4caa-b5bb-7467e6714423,정시우,Male,38,1986-08-26
26c1bba5-1dd1-41b6-bc07-b866ec92128c,정지호,Male,14,2010-12-03
c37a0464-1a04-4563-93cb-4569c82a0990,윤시우,Female,35,1990-05-04
154f3d2d-1284-4885-8372-ed39d602c7a0,김지우,Female,36,1988-11-22
925addc9-9dfe-4164-9cf1-8f6294edbcf9,최채원,Male,18,2007-06-14
0c5e53ad-2d66-4350-8cbf-d5257cff8d36,이윤서,Male,38,1987-02-27
e6962a76-0bfe-4631-b34f-8ac921f4e95e,이지후,Female,27,1998-02-25
e7fc3785-ada9-4c03-a5cc-96cee5f226c6,박시우,Female,44,1980-12-05
ca585460-079e-427f-8057-566e2a937f9e,윤민준,Male,40,1985-03-15
2b55f720-1a85-47d3-98ac-936f939672f3,강서연,Female,25,2000-01-03
c7c08fd8-cc18-4973-94a1-70e2f9291958,윤하은,Male,35,1990-04-18
38b13825-fffa-4b1c-8688-b8e7c13a65fa,임수아,Male,19,2006-07-04
6a8b84ac-923b-4cc1-926b-aa80b89186bd,장지호,Female,27,1998-04-21
41621fac-95b4-49b4-92bb-9c667b229d88,임서준,Male,22,2003-06-06
c2ca0f6f-2786-4b36-9957-826ae3b9dab3,정시우,Female,24,2001-05-14
bc4efb49-b4ad-4062-869d-9b1313116af3,최민준,Female,17,2008-01-27
abaa7893-04e5-43ca-8f8a-234a920aa05a,정지유,Female,22,2003-05-26
f43d9594-7840-462a-b3dd-1039ebbe98a2,임채원,Female,16,2008-09-21
bcc7b1ff-9957-4f98-9d79-a530daf58a07,박지유,Female,21,2003-09-01
8463d49d-38c5-42a9-82e6-eaedab1f241f,박서현,Female,28,1996-08-20
957a3038-3484-4251-9aa2-ba81cdb4df84,정하윤,Female,39,1985-08-26
0f79eeb1-05f2-4aa6-921d-47b189aa5856,조지호,Male,25,1999-08-16
da8e03e0-da50-4843-924f-3001a10f18c2,강시우,Male,30,1995-02-28
7acb7517-fdba-481e-851c-acb87b50f2c3,이지우,Male,20,2004-08-04
e66000cb-0d70-475c-92cb-30aa1e89e4f0,조민준,Female,31,1993-08-07
09deab46-9a74-4261-aa78-9db93ce9c382,장지유,Female,32,1993-03-13
7504ab64-b6ec-486e-8425-db47d891a780,이지유,Male,43,1982-04-20
27e54029-fe65-48fb-8582-94b628cea2f4,박시우,Female,18,2006-12-07
be8f9c84-c69e-4749-8b73-e7b74c8bb8ae,박지후,Female,39,1986-01-24
60ff23fd-ed68-4707-8572-02a794af17ef,정지유,Female,22,2002-11-20
8f11b4a3-6248-4152-b179-c6b2eb2d89d0,박윤서,Female,37,1988-02-11
014ee96f-db99-4b3e-a60d-f18221dd37b6,최지후,Male,36,1989-03-28
61ccbbb9-7ec3-4b67-97b0-3ab0b059e100,김도윤,Male,21,2004-04-26
542bcaee-338b-4c2f-8c1c-d1ddd89497e6,장서준,Male,23,2001-11-14
d0ed5b46-ac97-4551-a7be-51a8a0affee6,최시우,Female,29,1995-08-02
b0ffb495-345f-47e9-91f1-d1f12d15801d,박지우,Female,31,1994-03-18
92bd3926-7ddf-4711-9b64-d9af0c4a34d8,강예준,Female,22,2002-08-10
2946b634-2454-4bdf-902f-6609884c08be,정서윤,Female,36,1989-01-28
a9326193-7b19-455d-bbcb-a2f356204861,정민서,Female,18,2007-04-09
886584fd-21ff-4c4e-8146-c29bd708bfb3,최도윤,Female,37,1988-02-08
cd012a30-582b-4c8d-8cf3-845e06c83670,박서준,Female,44,1980-09-26
21b546d3-1584-43bf-8712-156d044e7083,정지호,Male,16,2009-05-16
9693b00d-1047-4e74-adf2-5ae75cf0bfc9,강도윤,Male,15,2009-09-06
55d76569-290d-466f-8bb9-f0c4da571506,장지우,Female,16,2009-06-27
86b7ecaa-ee9a-4d9b-8d7d-f91644a9f3d6,김하은,Female,36,1988-08-11
bcbdc5af-a2b6-4691-ac70-68b0c85c8cb1,임지우,Male,29,1996-07-11
658cb74a-1d1d-47e2-bfc8-b332b98c9890,윤예준,Male,34,1990-09-26
77b875c5-ff82-4c4d-a3c4-9540eb8d6c19,최주원,Male,34,1990-11-27
e15cfe6a-cb50-49aa-bcc3-ed3e3862e816,박서현,Female,25,1999-11-26
412288c1-5da9-4b9f-9ec6-4f2cc11bf2bc,이하준,Female,31,1994-01-03
d00d9adc-faa7-4e3b-8885-2756b2c4e7e3,윤지후,Male,43,1982-02-06
e7791622-bc35-47b6-bf7c-d8c1305f0c7e,최서윤,Female,18,2006-08-11
b542772a-8b48-47f1-a51d-8863dea4ad38,정지후,Male,16,2009-06-03
8a2a3310-232f-490a-ad64-0875ecfa6cf6,박지우,Female,22,2003-03-27
3405af87-8fd7-4961-832a-36780f0f4cb7,강서윤,Female,20,2005-03-26
34ef20a1-fdae-4e9f-86ec-d1f4a15066f8,김윤서,Male,36,1989-01-14
dacc8f89-5cf0-4cf7-a656-8fa7de03b4cb,박지우,Female,35,1990-05-11
123c33e7-bdd7-429f-a221-949ad5d2dd39,임민준,Male,36,1989-04-12
59a6b19c-6f6f-4f5e-af0f-d66672c9e34d,윤민서,Female,30,1994-12-15
3a1d0686-8b05-4981-a78e-6e53773f66f6,윤채원,Female,17,2007-12-06
79dbc2a6-af28-4df7-99ae-53c14ebf0de7,강예준,Male,17,2008-02-03
ed26e42e-19f2-4d45-aed2-b55bde32d3e6,윤주원,Male,15,2009-10-26
5206100c-2db2-4552-b750-973691ebdb0b,김서현,Female,28,1996-10-28
0e1dc45e-c70d-4e1f-bf8e-dba0bf5e71a0,정민서,Female,38,1987-05-10
e1d6d56b-b9b0-4ac6-962d-d4e89f2ed13e,정서연,Male,32,1993-05-08
8fbee4bb-ac61-4b33-8155-a29854752cd8,정채원,Male,26,1999-03-06
ba1bc442-f5d5-4767-bd75-c3e774844b99,정지유,Male,34,1991-05-25
e0f8bfd3-20fb-4938-b57f-69abfe1c15ae,강윤서,Male,35,1990-07-28
0f7f9d1c-8bf2-4bed-acd9-6051480c5acd,임지유,Female,40,1984-08-26
c96a6046-f25c-4152-9f24-f06bbe1de84b,장민서,Female,43,1981-08-27
1d5cf8d9-be6c-4134-910e-9fd787d242eb,김서윤,Female,18,2006-11-05
f9a30a8a-6563-468f-b505-929641d6783a,김주원,Male,44,1981-04-14
87cce1cb-2faf-4ee9-8dad-b6e17b466fce,정하준,Female,34,1991-01-11
3db09b2e-7794-494e-b2bf-f71481bdaa31,박서윤,Male,15,2010-03-18
c9c8ee0f-b9b0-4256-900c-3042ee303924,김하은,Male,16,2009-02-11
a658cef6-e9a4-4c04-ab83-211f422e3030,김서연,Female,37,1988-07-17
866b3f74-dff5-4491-b4d2-c2ce7aecd4f9,정예준,Male,25,1999-11-26
3284cd44-359b-474a-86d6-3dfda090340d,장서준,Male,36,1988-09-20
7a5253ab-a2e1-4d2e-92f0-146a3ec1727f,최도윤,Male,26,1999-02-05
fe3cc6bb-1d07-4fed-927f-7a02f70068f4,윤지우,Male,22,2002-12-27
408cca43-cd66-44cc-b284-2f381d79000b,박윤서,Female,33,1992-03-17
780be72c-5615-41cb-a927-fd9f9ace74ab,조예준,Female,26,1998-12-06
534c5b25-68f6-49aa-9592-20b88de922f8,박예준,Male,34,1990-10-08
2458b480-0dc7-42e6-9b9b-e3fe00cb66c5,정주원,Male,23,2001-12-27
f17d0193-8e65-43b8-b543-fd6d28bc29ce,정수아,Male,44,1981-04-19
6390ddf9-d348-4f6e-ab11-1bee724244e2,강하윤,Female,32,1993-05-11
8597d8da-e64f-4e63-89d4-12f003845b33,강하윤,Female,26,1999-04-22
891e829f-7600-45be-aa2d-dbd84b0c83c7,장민준,Male,37,1987-12-27
c18cf2ad-17f9-4139-ac57-d32704d65a8c,조지우,Female,17,2008-01-10
3d32d24a-1963-4496-869d-848608c84a5c,최하윤,Female,37,1988-06-17
eee21eeb-c659-4633-9071-6078c907f75f,임지후,Female,19,2006-04-10
25845d08-8b87-4dbf-a53b-9743aa5efe27,박민서,Male,42,1983-04-05
d03a09c5-0aef-4385-a6c9-3feb00d8276b,강도윤,Male,25,2000-03-06
1e62133c-9ed9-4f35-865c-ea5ddb57fa15,임지유,Male,15,2009-08-09
5f665d0d-fae0-40f3-9348-f2bb854edff9,조민준,Female,35,1989-09-09
038bf0b6-c25b-4e6a-88bb-fed18382c8f4,이윤서,Male,38,1987-05-12
2d1b2d80-7a23-4ad9-9127-2c3aaa9741ef,조시우,Male,42,1983-07-25
6a7fad0f-bbb2-4f38-86b4-bdae7f5c97f6,박수아,Male,22,2003-05-10
ce79539b-ca43-4af1-a2d7-11d4be8f25c9,강민준,Male,43,1981-10-27
b97662fb-3260-48b4-af23-310d8e528d2e,최서현,Male,29,1995-09-11
1c3a198a-be44-4523-84fc-f5174fb7ee37,강채원,Male,32,1992-09-14
b64df533-f73e-433e-ba7b-94ba0c32155a,정서연,Male,21,2004-03-10
5879ada8-7532-46c8-b61c-e3c313727cec,조지호,Male,36,1988-10-02
6790fb23-d0ff-4a56-a588-669e6b38ebc2,김수아,Female,17,2007-08-15
4d3aedfc-f9fe-4266-ac15-7a69565d118c,최주원,Male,39,1985-09-02
ecfb4f39-8b1c-47f0-b393-5a81dc496378,장채원,Male,42,1982-10-08
2a2a74e6-8506-4404-ba22-7d1978055dc4,박하준,Female,28,1997-06-05
7ccfe896-adc4-4f9c-b679-8e40d2d0e3a4,김서연,Male,41,1983-08-15
fd73d3c0-e05c-41c1-bc3f-05005561e305,김서준,Male,38,1987-07-06
2a12f194-6517-4fdb-8603-df7e1cdad180,정시우,Male,40,1984-11-20
37bd7629-1b8c-4a42-abea-6c9d9ce3f938,정서연,Female,17,2007-12-15
f07aa303-7a04-4ae8-b470-35899c3f0d63,김지우,Female,37,1987-08-19
d0b2a7e4-996b-4037-a7b5-7d502232bc1f,최서현,Male,14,2010-12-03
81a1bfb3-96a4-481e-8ea9-f42670e3f1d7,장채원,Male,14,2010-08-01
d97d5bc2-5c3f-4119-8e80-d3ad756988a8,강서윤,Female,39,1985-11-21
0c2564d9-7755-435e-bb7e-84d5ac3afc45,이수아,Male,40,1984-08-08
41bf61fe-97a4-45d6-ac0e-5484f9bbad42,이도윤,Male,44,1981-05-23
adc286fe-f406-4baf-81cd-b0cb12ef4ab4,정시우,Male,37,1988-04-17
2ccb0f10-479f-464b-ab84-a29cc1cbbf16,장도윤,Female,43,1982-05-11
bc6fcf0a-49ad-455d-a827-88c664b612ee,윤도윤,Female,18,2007-03-18
54b79f58-5c5a-4d51-804f-ac4d6b31b1bf,박예준,Male,40,1984-09-23
7e27acf1-8066-4a92-be3a-459c10520e45,임지호,Female,31,1993-10-11
f9eb51b9-27d5-48e9-bc15-8b58f2e15541,강채원,Female,27,1997-12-28
22634cbd-52be-400c-8894-41af4a720f7a,장지유,Male,35,1990-06-09
5e12891f-005d-43ed-b597-25f1a22d2410,김예준,Female,31,1994-03-06
6440969e-fe12-4a3e-9234-37428e79dbd4,김민서,Male,33,1992-02-28
48ed5969-6d44-4be8-95ea-fb9ab9dfa387,정하은,Female,45,1980-02-01
92c0ea54-bff5-46d8-8856-e2fda9d35169,윤민서,Female,24,2001-04-19
4b349330-ab2d-4a52-b81a-ed6eeec60f82,장민준,Female,37,1987-08-23
bc24d380-3e6d-4d62-90df-c72fae422dd2,박수아,Male,20,2004-12-22
407f650b-24a1-4541-b6e2-65713144728b,윤수아,Female,23,2001-09-21
e7e1b06e-fb8c-41a1-b579-aba9cf52b2aa,박주원,Male,29,1995-12-06
8f18fc31-cd35-4cd5-bfc8-cc7c8a7408c8,강민서,Female,32,1993-05-16
488bfcab-91c4-43be-bf1a-9dc713173b22,장하은,Female,36,1989-03-22
f91678f8-7444-40f3-a5fc-a4a086c7d70c,김서연,Male,18,2007-01-11
ad78b75d-eba9-492f-a6af-80cc67160cb5,장지후,Female,34,1990-10-07
6df60be3-e24c-4837-9ca3-f9aa1c098f0c,임지우,Male,43,1981-10-10
238c9430-74dc-4215-8a0d-9f8e855b6656,이하윤,Female,35,1990-05-04
70cdb864-8f65-428e-8b96-cc526a8b6041,장서현,Female,23,2001-10-14
1fba3204-704c-4e72-8692-32171af7692b,김윤서,Male,40,1984-10-15
1c65e744-5ec2-449e-bb4d-90cf04bbbb88,박민준,Female,39,1986-06-18
397cc3b4-6688-44a2-90cf-fb1898c189c1,이하윤,Male,39,1986-06-10
7dc93987-6b67-49e5-a24a-1023bb7cb29f,이하은,Female,29,1996-02-09
c7a27620-d618-4e34-b170-9371a107bc3b,조주원,Female,44,1981-06-14
58e65305-00e5-423a-bb4a-0177b124f6b6,조지유,Female,26,1999-06-03
a95de676-2bb8-49ab-833f-c1969e90325c,이하준,Female,18,2006-10-18
fcff7b14-1eb3-4ea1-bd54-ae6fef617bcb,최민서,Male,43,1982-06-15
f493d8af-8466-4449-ad76-0f3db77bad26,임서윤,Female,35,1989-09-11
e64c9ee5-bbce-4d20-aa34-2dbc3d0f2233,강도윤,Female,32,1993-04-21
c64083c4-86a8-483f-9f31-b944970f19a4,조지우,Male,18,2007-07-11
4e6595cb-a42e-4c55-baea-d9d572490b77,임서준,Female,30,1995-03-14
294ffe6d-4721-49de-8b6d-07d307f19e63,이하윤,Male,28,1996-12-26
e6db14d9-2cc9-44d8-9b47-4abc2d3f2b53,이민서,Female,44,1981-05-15
2613c9d2-e37f-41e7-a884-0afc5b54180b,강서윤,Female,22,2003-03-25
5a2a99ad-0632-4196-8dbc-3d9021001f8e,강수아,Male,45,1980-02-12
08567109-63a3-4cdb-af3e-ce9f102196c9,김하윤,Female,40,1985-05-28
2194e9fa-a2e9-4ca2-b6b6-512226f70cc9,박윤서,Female,38,1987-01-25
5b780ce2-055e-411b-9cb8-1699e19358f1,정민준,Female,30,1994-12-10
d4ea213b-5402-4cb4-8195-9ed4675a2070,김도윤,Male,35,1990-03-17
2c29a4a1-7864-4db7-a25d-160600e80c0a,정하은,Male,29,1995-11-07
a2e28f4c-6eeb-4ddf-b883-6d0f81e6560f,최지호,Male,39,1986-05-28
0284a938-4779-4e0c-be79-906071a9d944,조주원,Female,28,1997-01-14
bb907597-b9e2-46ef-82d4-a21c909ff233,강서윤,Female,15,2010-02-13
5a34cb8d-15ed-44e4-a730-c17a5201d941,박예준,Female,23,2001-10-13
ca7d574f-b46c-4a51-a371-f70c84599b94,정하은,Female,28,1997-06-26
179b3d0f-7782-445a-aecb-2442f3624791,정윤서,Male,34,1990-11-13
2328f4e8-23fd-450a-8691-9a4518a52299,윤지후,Female,22,2002-10-27
ea8d17aa-d666-4830-9537-ce4b217964cd,박하준,Male,43,1982-04-14
41b416a3-b177-401d-b4bd-3649b95239c3,정하윤,Male,19,2006-01-06
d9d73b2e-6f38-40ac-9124-8aee502edd37,조지유,Male,19,2006-02-27
fc40a868-44f2-4b85-8c26-65338eff35f4,정주원,Female,33,1991-10-23
4f58f52e-fc62-4b7c-aa38-7bf6867e9496,임채원,Female,26,1998-08-19
cc9ff7a2-9f25-4028-b37d-0fe2782ed61e,최수아,Female,25,2000-03-04
9c0fde46-bd8b-4cda-82e7-32663d1d7588,장윤서,Male,22,2003-04-05
44d81ba9-b547-4fbb-871b-c1d61d028ca2,장채원,Female,44,1980-11-15
cedd4fd6-949e-42aa-963d-0090c1b4b7d0,장지유,Male,15,2010-07-22
a91d8300-bc38-4f65-96a3-2a55fe2aa57a,김윤서,Female,27,1998-06-28
0013947b-59ff-4e3c-9abd-cadc1418c35d,윤도윤,Male,16,2009-03-25
76c495e8-fdec-4589-af2f-881360634c14,박수아,Female,19,2006-05-01
4f40cf3d-30ee-4f5f-84e8-799a7116c715,최서윤,Female,32,1992-09-18
15d64408-1dac-4b82-9b0a-fe71facb5999,김하윤,Male,37,1987-08-23
d39222eb-0a01-4c0b-a1c3-646de1bcc6d0,임서윤,Female,33,1991-08-19
cb7a57a6-2352-42a0-a4b8-f2c378c3bfbc,장수아,Female,25,2000-05-22
791a6693-509f-44bb-b843-f8c14a23f8e3,강하준,Female,36,1989-01-16
43c28575-f5da-40d7-ba5d-af8e70e3839b,강하윤,Male,21,2004-07-20
af44bfbd-29a9-4379-bc05-c2e3484ef698,장윤서,Male,23,2001-09-13
afdc2b2f-f750-4c62-982d-6d607e53b629,강서현,Female,25,2000-07-18
4b0d318c-752b-4dd5-aa54-09691be00d6a,윤지우,Female,17,2007-12-14
4fd04873-3852-48e5-9926-75293dc537b6,김수아,Male,30,1994-12-05
da4b84e0-6bc3-4d70-a5ba-469b103ff44f,임도윤,Male,44,1980-12-18
4cab548c-cbf6-4c6d-b613-2968513f81ac,임채원,Male,20,2005-07-20
d650d62d-e48e-41d8-b157-59e2651a7619,김예준,Female,25,2000-05-20
ad85bb75-b7a2-4097-a63f-98d57dc4fba5,박서연,Male,20,2005-05-15
c479bfad-326b-42a6-a8de-530fa2ee8b2e,이민준,Male,22,2003-06-04
313098fd-72bf-4a79-aeee-de99feff92d6,정지유,Female,38,1986-09-13
4657e55d-8f71-434d-a9be-8ecaca5763a8,정지후,Female,21,2004-06-16
fe792440-431b-43ab-ac06-bfa641b100c8,이지후,Female,41,1984-03-23
bf6de5dd-c205-484b-84ed-f27d5f792adf,강예준,Female,30,1994-11-23
27cabaf5-61b4-4e0f-ae0f-4731a9dc8bc4,강서준,Female,29,1995-09-17
ca0752bc-b4e4-4ff3-8912-20e5fcfc7b7c,강민서,Male,32,1992-09-10
7ff12543-be2f-49be-ace4-25deacdfae57,정하윤,Female,33,1992-07-10
4eb1f6fc-b717-4fda-852d-1422a929d605,장채원,Female,19,2006-03-02
edf308e6-4de5-4c94-9b5d-49eeaa1d841d,최지후,Male,21,2003-11-19
fff250c9-98f7-4290-8f83-9537dc6aaeab,강서현,Female,26,1999-01-16
77ef2ea6-596f-45d8-a95c-751639f44224,윤지후,Female,25,1999-11-23
a3aa3038-ba47-49dc-ae0f-6385a2808236,정민서,Male,30,1995-05-26
fe6e246b-85cd-47fd-9a90-d5b48ece0dcc,정지후,Female,41,1984-05-03
aa9c32a1-d437-4c65-ba17-cba66f5230e3,최서현,Female,15,2010-06-03
a12020f5-32e9-4d13-9cce-68aeed109e07,조하윤,Male,15,2010-04-07
1ad3c49c-7994-4430-8e4d-82517873de6d,장도윤,Male,45,1980-07-16
9b748ecb-c990-48da-98de-13aea38dc4e4,최서준,Female,19,2005-12-23
6217b2f4-3626-41de-b4f2-fc6b428dd6dc,조도윤,Male,21,2004-04-08
55c565c6-cfa2-4f8d-85b9-98934c5629f4,이민준,Female,22,2003-03-16
db2b7888-2c25-42a6-bc88-24aaee85956e,이도윤,Male,29,1995-09-19
f6551af6-9c6d-45ee-90c8-2a121aa7050a,윤하준,Male,28,1997-06-20
1b051fff-afe1-424b-bf4e-4452bef9bde1,윤서준,Female,30,1995-05-08
81f430b2-9046-48bb-beef-5ae20fedbf80,윤예준,Female,38,1987-03-19
dbc14db2-759b-4046-befb-9474e429d081,정하준,Female,25,2000-07-25
6530f43d-2bf7-4f46-80ab-f0c4867eb291,장예준,Female,26,1998-11-21
483286d7-b0c3-4ea2-8154-1990c6dd75d1,장윤서,Female,44,1980-10-26
6e3a75c6-1ca5-4d41-80b2-c3d3b6aad24c,김하은,Male,21,2004-02-03
60530076-5083-478f-b158-090d45cbe5e1,강하은,Female,42,1983-06-27
870a1194-416a-4340-82ad-1eedeef79f9e,이지호,Female,24,2000-11-26
be5f28a4-bf6a-4e06-9564-ac7e8f259d78,장윤서,Female,42,1983-02-23
f7809dbe-f149-4a48-92cf-0d40de7f74c4,윤지우,Female,22,2002-09-15
a6f4d48a-f666-4b96-995b-1e91fd7cd38e,윤민서,Male,30,1995-06-08
0fbc7e56-dda5-41ca-8d50-cdb576ac3080,강서현,Male,25,2000-03-08
7665ed95-ec04-43a6-b8cc-524e677c5dd5,장윤서,Female,31,1994-05-13
9098c873-f6ee-40a2-965a-811c439d339e,박서연,Male,35,1990-04-19
1b478054-e0c5-4b34-8e5e-00580f50ca20,강예준,Male,40,1984-08-25
d7736184-5ca1-445a-9fe7-075067e93366,박채원,Female,36,1989-02-01
19ef9401-062d-41f0-bc70-9b68697f547f,정하준,Male,27,1997-08-11
6dc0679c-27c1-41b3-b979-ece8a46328f8,정지유,Male,40,1984-10-06
9e101b32-ac84-4ccc-8d68-8ad5281eb380,조지후,Male,38,1987-04-15
b002cc67-9dea-40c6-8294-c57e603e1f1d,조도윤,Male,15,2010-05-27
587ba9b8-c9cb-4d8c-84ba-8e31ef4e4a1d,이지우,Female,34,1991-03-24
86503755-7d6f-431f-ab48-481993d3db54,이지후,Male,16,2009-06-26
331eac9e-4f72-413a-9e55-1e242f5e2518,장민서,Male,16,2009-07-28
6839b119-5185-4774-9784-e29994e823f4,조채원,Female,41,1984-05-15
ef700b4f-6a53-4ca2-aa7a-79ab2d1f8a98,임하준,Female,20,2004-11-06
dbc7c706-0925-4211-89d8-c32bb6ff9f18,윤지호,Male,45,1980-07-04
e9135706-d2e9-40f8-82f5-d7f7d6ab7c08,김시우,Male,18,2007-01-08
4e82a5a0-bd86-4fee-b918-159ffd2fee49,윤수아,Male,39,1986-07-05
bf3f621b-4088-48f4-b49e-229235245ec9,최지호,Male,42,1983-05-15
45e58c87-c859-48a4-bdca-562d3b37fa00,강서윤,Male,38,1987-03-21
af25788f-46f9-4dcf-a017-22752172c778,이하윤,Male,28,1997-04-27
f53d5121-7bc4-40c7-8195-65e4512db5c7,임하은,Male,33,1992-01-27
3344ee8a-1fe4-452a-b443-3ee8b96d412a,강지후,Male,25,2000-01-22
6612acc7-5823-4f01-ad47-ca912ed4a622,조도윤,Male,42,1983-05-10
63b8ce48-959c-4d1a-a7f2-35a6709a914b,임민서,Male,30,1995-03-01
caa0adba-5986-4480-b273-88824e32022a,박민준,Female,18,2006-10-15
8ecb97f4-83eb-4ae0-91df-6250a123e70b,강지후,Female,37,1988-04-15
dea09b3a-d8b0-4e56-aba4-d82f42d45604,최서준,Female,33,1992-02-23
0bdf3468-b668-4536-ab21-6791aed3b61d,정예준,Female,31,1993-12-12
aa7e1898-5931-44bc-81c0-ba4be09076af,윤민준,Female,29,1996-05-22
aad4c3d4-89ed-4bdd-bee5-c015962819db,이하윤,Female,32,1993-04-15
8aded7f0-9819-494e-b619-fe2b15722f9e,강민서,Female,40,1984-12-22
633679a5-5dab-49e3-9a59-a80e4fca968f,임하준,Male,16,2009-07-17
aa659de5-f274-49eb-b6b4-4ff6544ba822,이민서,Female,43,1981-12-02
75a454ec-8b92-45eb-aa0c-4c86c1f61158,최하윤,Female,21,2004-01-10
a2851ef0-1551-4985-a4bf-9134c0933378,정지후,Male,25,2000-04-15
e0d8c060-0610-4db2-a181-d06917763bd1,정시우,Female,33,1991-08-19
5e0305c7-7b14-4196-b364-d2ea52282f5f,정수아,Male,24,2001-06-24
caaa27b3-258c-4e43-813b-8fd233e001c1,김채원,Male,21,2003-11-28
b868f6aa-5ac4-4cdd-898e-54434169b827,임수아,Male,17,2008-03-02
7fc413a8-9bc3-4eed-9272-0b0a3167a5cd,이민서,Male,43,1982-04-12
64811f04-aa91-4b86-b2a6-8bcdc8807e7b,김서준,Female,16,2009-06-05
75e550d3-715a-4490-bf69-431e507ef54f,이서윤,Male,44,1981-04-25
eda2117a-5311-4d78-a5e0-8ba64befb2a9,윤윤서,Male,30,1994-08-03
8402e59f-75d6-46c2-a4c1-5ec438c4e7ff,강지호,Male,37,1987-09-06
81eb8fc7-e44f-49ec-b1e7-137b34983f0c,김지유,Male,20,2005-07-16
d571da8f-da35-46c7-a9ec-ca235baac794,강지우,Male,44,1981-06-10
1a244572-3e1c-4972-97b3-f5c9d3c0fc77,윤하은,Male,27,1997-10-02
d20617ac-16f9-4cbd-9626-c0c690af81bd,임윤서,Male,21,2003-08-07
cecd91cf-bb87-4971-9702-a93b61e181fd,임시우,Male,29,1995-08-14
ca05192c-508d-4d36-9d37-f85dfaa639b5,이서현,Male,45,1980-06-24
de5333f9-da24-4806-99e0-7aad843f1faf,박채원,Female,31,1994-04-01
db6a9cab-093d-49b6-a04b-add139e21265,박지호,Female,30,1995-02-18
9ae75e4d-e4c4-499c-b20b-1cc6392b0d83,최하은,Female,26,1999-02-16
fbe117d2-1cc4-4cdf-b750-0422979dde5f,박하준,Female,43,1981-11-14
a063367e-9395-46ab-9a9e-adbab3f585a3,강예준,Male,35,1990-05-02
52bf9df5-6daf-43a7-bb3f-8f1f4fa66eb4,정지유,Male,25,2000-02-18
b7cb37e9-53ab-42f0-a285-c413df3d49a0,정서윤,Female,15,2009-08-19
3f06b6d0-3e40-4f2e-9e62-ee71f2d61032,윤시우,Male,18,2007-03-02
dd85ad77-4ab8-4b0d-83c7-93caf510f010,강하은,Male,42,1982-08-28
50486f8b-23a1-49a5-b1fa-b94ce784ce67,이윤서,Male,17,2008-06-10
eb1bfd6c-1f92-416c-92cb-14f669311c1d,임주원,Male,27,1997-11-12
02bedc33-ed6d-4317-a56f-b5375dac7d30,조채원,Female,28,1997-05-05
77d21d29-6c07-48b1-b46c-ab32db03bee8,윤예준,Male,41,1983-12-14
0e8ba9c7-39dd-4bcb-ae1c-d2bf92892dd6,조서연,Female,28,1996-11-25
d0a29494-7cbf-420c-a641-1dbcd94295e9,최지후,Male,15,2010-06-18
e3b363b4-161b-47ac-9089-344664a01382,이하준,Male,34,1990-09-12
be1b0dee-eb2f-4172-8a63-8caad0b0d43d,장서윤,Male,19,2006-01-11
619a44dd-3e28-417d-85a6-404fa1e0088b,윤채원,Female,20,2004-09-12
5e39b553-3a53-4eb7-bac2-1315301dd4d0,장서윤,Female,36,1988-08-26
6d751650-0d7a-45b6-8658-479cd4b95375,임채원,Male,19,2006-04-06
f8c16e52-c1d9-4891-8e2c-d3ded159f0d1,김시우,Male,41,1983-10-05
47afeaf3-b54e-4f08-8576-d7781bf18ac2,박지우,Male,32,1993-01-05
f7f9072c-c283-4a7e-a350-b149218d2f0a,박수아,Male,22,2003-06-17
208cd819-4dc5-4f9a-a87b-158fa0973803,박민준,Male,35,1989-08-01
77e041d1-bf0f-477b-94c9-9752e8719e8b,임시우,Female,29,1996-05-01
42e0a181-3918-4ec8-8a2b-803200e3c71e,윤주원,Female,18,2007-06-25
70eb0a9f-a56f-4545-bb50-9aeffbb3c6d9,이민서,Male,30,1994-09-20
9a310e8b-f24b-46ec-be2e-2ff750a49d2e,최서준,Male,15,2010-01-27
03e96899-d5d9-4745-867d-f7d01ffecadb,최하은,Male,30,1995-05-22
fdec7fa1-5406-4552-8cf1-5a62627cf966,박예준,Female,20,2005-03-19
065f3703-41c9-4ee1-a997-bbb2baa4e350,정수아,Female,15,2010-07-23
781f0a12-aca4-4c72-83ad-4a1c067f725a,김수아,Male,18,2007-07-23
c9639d8c-5c9a-4885-bf58-52bb852d4cb2,김윤서,Male,25,2000-03-27
c8bd075b-2e3f-4782-a182-dba2217e559f,김하윤,Female,36,1989-04-07
a22064b1-fb48-4115-b1f5-9fb9878df3b3,정지유,Female,36,1989-05-17
b16aa5f0-40fc-4d00-b559-b3103fa99be2,이윤서,Female,37,1988-04-07
424050d9-0b9e-48b7-a1bc-d238ffe28b5f,임하윤,Male,18,2007-03-06
69f87d9d-72cf-438d-9f49-c8b570d1585d,이지유,Male,33,1992-06-18
b0e0a4a3-28ef-4caa-bf06-b01ae993e60b,최서윤,Female,20,2005-01-19
2da0a002-66be-4da2-aab8-f862da95a3d2,이예준,Male,43,1982-02-14
48e0e460-3a43-4b4d-b797-b944ebdaf11d,조예준,Female,34,1991-02-07
d87cc728-49af-4bf4-8c2c-1fbfe83eef9e,김지유,Male,20,2004-10-18
55a2ee4a-e5eb-49d2-b55f-a5090acd01f6,윤지후,Male,41,1983-08-13
470929f5-2052-459c-9f32-46b543794b3f,최수아,Female,28,1996-10-21
9cebfef2-0c74-4132-8562-5ab54183e0cf,이윤서,Female,35,1989-09-19
8ba7883a-9cbd-4d2e-95db-6d12b166e429,임서연,Male,20,2004-11-15
0399bb96-4018-40c2-b319-3c5ab22ba28e,이하준,Male,39,1986-07-15
ce2036ab-dc33-451d-aa69-d66d32577569,임시우,Male,28,1996-09-14
6321808d-158b-4e67-a206-67816904133a,임수아,Male,41,1984-02-14
41afe99d-7630-45cc-878b-6e598b1710a0,최시우,Male,26,1998-10-25
33078996-30df-445c-bac8-fdfde8f21f67,조수아,Male,35,1990-05-24
c5e79b1f-4fa5-4853-a015-1b03a10a007e,강하은,Male,20,2005-03-19
7b97aed0-3c2e-4b2e-b14a-fcfa54648433,최하윤,Female,45,1980-07-27
b0cea344-a5a6-4c0a-b055-faf9cc585450,강시우,Female,16,2009-02-19
7b36c048-9d0a-4a6a-a1ae-a8cf18674e8d,최윤서,Male,15,2010-03-21
3bf279c0-5411-4eb3-ba97-b6e2e0418087,윤하은,Female,24,2000-09-10
f14c536f-147a-4434-8768-392d7e3b3420,조수아,Male,34,1991-06-22
73528401-b1a0-4e0d-87d3-46a4919769bb,이지우,Female,33,1992-03-23
1c4b281c-e950-40ed-829a-1c6281a726cb,조시우,Female,30,1995-04-02
b489657b-4f86-490d-acf1-ad14a8304292,조지후,Female,31,1993-09-13
c117b58c-1fa3-4237-8316-b865cbcad281,이지우,Male,21,2004-03-17
d7e5e669-64b5-434c-bb41-79ce1eea3cd0,강민준,Male,14,2010-11-11
340b5566-2057-419c-bb0f-af6b1baf16c5,장채원,Female,22,2003-04-12
e8688366-6dd0-489e-ae00-d693c9858710,김수아,Male,39,1986-07-27
8c582909-9fb6-43d0-823d-ac6976307756,김서현,Female,32,1992-12-06
274853c2-8e7f-4a76-98a1-2d90a7914a36,장시우,Female,26,1999-01-03
64150c4c-0394-479e-9d6b-3ebff95a4448,박서윤,Male,34,1991-01-19
cd0b7df3-cbc5-490c-8f8d-8d14290d76cd,조서연,Female,35,1990-07-16
2f09d4f7-8a58-4175-b5e2-da17ad4b41dc,이하준,Male,25,1999-11-13
98afaae3-0658-4099-bbd4-98dcba2d2caf,박하은,Female,44,1981-07-28
949b3b6f-68c3-462c-8a82-21b26c16ad57,김도윤,Female,23,2001-08-02
87e1d712-727e-4ff2-81e5-8bec88d3383d,조민준,Female,26,1999-01-25
a5a433a8-aff6-4f6d-a737-c8417fec53f0,임도윤,Male,38,1987-01-14
e6d4f617-afde-4dcc-bebd-0f81cd3fe925,김채원,Female,36,1989-05-04
53a91a73-985a-445c-b60c-5607936279d9,조주원,Male,36,1989-04-26
4078c87b-8b5a-420b-8b14-8594dd99156f,윤지우,Female,19,2006-07-16
43a2ec53-2ba2-41ed-90ed-5e0a1d3907c6,최서준,Male,42,1982-10-12
416af7b5-68ba-4ce1-8808-d5c6f7947af3,김서준,Female,44,1981-01-17
6dd7a6d4-d2d5-4f33-8dc5-f53e1229d00c,김주원,Male,25,1999-10-18
d8fa8900-fbff-47fc-af46-8fb94eeb87d8,김예준,Female,33,1992-04-21
8104ccbd-63f7-4962-9edd-8b65c4781262,이윤서,Female,30,1994-11-22
f2609087-7a33-42a9-9edb-aed093b53123,장수아,Male,36,1989-02-27
5f068635-58f7-4b3b-985a-dff6200366a8,박민준,Female,31,1994-03-07
5ccf8397-81f1-4d2c-86f4-92629d8a5a81,강하윤,Male,31,1993-08-20
0870eb43-85ea-49c6-9dba-490c44c7f06c,이하은,Female,39,1986-06-18
52f65c13-e806-40da-b6d3-14b04ec68062,윤채원,Female,41,1984-05-26
405c2050-2a02-4d19-97bb-d9c1d3556331,최채원,Male,30,1995-06-25
6632ec75-4b9d-41a4-800a-dd07189b770c,강하준,Female,14,2010-12-18
868a0613-4cca-4fa4-b41d-2bd087ef3659,정지우,Female,43,1982-06-26
81f347f7-2b4e-45c2-abea-0675b304b2cc,조지후,Male,36,1989-06-14
70adab7c-b028-4d36-ac37-2af5c708dda6,강민서,Male,30,1995-07-22
4dce09ea-91c5-4a66-b456-0fe6c952d1b8,이하윤,Female,44,1981-01-19
177a2ef9-3df7-4c6e-be2e-9ef803262c09,조민준,Male,24,2000-10-24
f551ddad-fbad-4324-9afc-1f50e17590d9,장주원,Male,26,1999-04-08
f14c2e4e-e1f5-4e87-a0b5-43bc6539cf71,윤하준,Male,20,2004-10-09
fbe75219-cbda-45d3-a4c4-61666b8d36f8,조하은,Female,31,1993-09-24
3fc31735-c658-4d46-bea3-639abbab0781,정채원,Male,39,1985-10-21
802c18bf-0ff7-4693-a1ad-e01a58b7904d,임시우,Male,39,1985-10-03
b8a76d39-eb5c-4008-be29-0bdb01dfe3e4,김서준,Female,36,1988-08-11
a67775eb-3263-45dd-9f41-9313724ff8d1,박서연,Male,38,1986-10-14
dc87907a-bc3b-47d5-b25f-fafdac3adc7d,이도윤,Male,34,1990-08-03
da0b9d66-1df2-456b-aab2-abc2b1aa85c7,장주원,Male,14,2010-10-22
098b049c-69a9-4792-a87f-564a54337c69,정서준,Female,26,1999-06-17
4a52c83b-e84c-402e-b7fa-0226e66e8493,최주원,Female,29,1996-03-11
5fdb2037-f52e-475a-b10b-5af0de56972a,김시우,Male,38,1986-10-14
a24e6017-3dcd-43db-9177-f0f17e43f2d0,강채원,Male,33,1991-11-21
6ea8f233-75ad-4df7-87de-f199ecab7b66,박지후,Male,29,1996-01-13
12379967-e30a-4f99-949f-0ba0625cee86,윤하윤,Female,14,2010-09-18
e405dcfc-0d9f-43d3-8ede-e6d03d507a93,김하윤,Male,14,2010-09-10
1e7fa8b5-54a2-444b-ad4d-86664c15cf9d,박지호,Male,27,1998-05-03
4b137e8f-57eb-43bf-ba95-a1c7e92b3ee3,이하준,Female,28,1996-12-19
12a713bf-1729-4ad5-9818-7278c574b8fe,이채원,Female,36,1989-05-28
7fa3e022-d953-48ee-ab67-29036666dd02,조지유,Female,44,1981-01-21
deebd3e9-d783-4215-9e3e-6cda909c9ae8,정지유,Male,35,1990-03-01
e9f459cc-7c0e-46c6-bf02-fa8d6da26b73,최윤서,Female,23,2002-03-12
4a574ec2-1ecc-4978-abe2-8409abd19698,이서현,Male,42,1983-06-15
1cc9c65e-46c8-410d-b611-08b863724ff6,강도윤,Male,35,1990-02-22
01fa33cf-3125-4f8f-ba0a-0e7574e54988,조서준,Male,25,1999-11-26
3aef2afa-547a-4a82-91f5-58554118b939,임서현,Male,44,1981-05-19
9ac32f41-833e-4f3c-8069-043e0f79b1fb,김지유,Female,40,1985-01-21
1d3e588d-f412-4380-93fe-f2807863eb02,박민준,Female,18,2006-08-12
b3615197-9dfa-4357-b447-87f4d005ce8c,임하준,Female,35,1989-09-21
91dbcd08-f344-4cc8-8121-6999e532762a,조지후,Male,33,1991-11-14
